time,in,out
8.908000000000000000e+03,2.999999999999999889e-02,1.000000000000000000e+03
8.918011933174224396e+03,2.999999999999999889e-02,1.000000000000000000e+03
8.928023866348448792e+03,3.902386634844879493e-02,1.000000000000000000e+03
8.938035799522673187e+03,8.107181601215085465e-02,1.000000000000000000e+03
8.948047732696897583e+03,9.804773269689759374e-02,1.000000000000000000e+03
8.958059665871121979e+03,1.146539379474945108e-01,1.000000000000000000e+03
8.968071599045346375e+03,9.428509438055864000e-02,1.000000000000000000e+03
8.978083532219570770e+03,8.000000000000000167e-02,1.000000000000000000e+03
8.988095465393795166e+03,4.952267303102417251e-02,1.000000000000000000e+03
8.998107398568019562e+03,2.491050119331703061e-02,1.000000000000000000e+03
9.008119331742243958e+03,1.588066825775604277e-02,1.000000000000000000e+03
9.018131264916468353e+03,2.239379474940506043e-02,1.000000000000000000e+03
9.028143198090692749e+03,2.116728140594204693e-02,1.000000000000000000e+03
9.038155131264917145e+03,-7.131698850075323184e-03,1.000000000000000000e+03
9.048167064439141541e+03,-2.167064439141540635e-03,1.000000000000000000e+03
9.058178997613365937e+03,-1.000000000000000021e-02,1.000000000000000000e+03
9.068190930787590332e+03,-1.119093078759033320e-02,1.000000000000000000e+03
9.078202863961814728e+03,-2.218702538511768685e-02,1.000000000000000000e+03
9.088214797136037305e+03,-3.941418962898916856e-02,1.000000000000000000e+03
9.098226730310261701e+03,-1.210891733564991093e-02,1.000000000000000000e+03
9.108238663484486096e+03,1.771599045345829265e-02,1.000000000000000000e+03
9.118250596658710492e+03,-7.751789976131476245e-03,1.000000000000000000e+03
9.128262529832934888e+03,-1.000000000000000021e-02,1.000000000000000000e+03
9.138274463007159284e+03,-3.182338902147785475e-02,1.000000000000000000e+03
9.148286396181383680e+03,-1.085441527446528304e-02,1.000000000000000000e+03
9.158298329355608075e+03,6.634844868734613745e-03,1.000000000000000000e+03
9.168310262529832471e+03,2.262052505966494209e-02,1.000000000000000000e+03
9.178322195704056867e+03,1.262746799741507747e-03,1.000000000000000000e+03
9.188334128878281263e+03,-6.031677153408646075e-04,1.000000000000000000e+03
9.198346062052505658e+03,2.615751789977367736e-03,1.000000000000000000e+03
9.208357995226730054e+03,6.147971360380324879e-03,1.000000000000000000e+03
9.218369928400954450e+03,3.271678599840924934e-02,1.000000000000000000e+03
9.228381861575178846e+03,1.523627684964230788e-02,1.000000000000000000e+03
9.238393794749403241e+03,-2.393794749403241589e-03,1.000000000000000000e+03
9.248405727923627637e+03,-1.656107615534809993e-02,1.000000000000000000e+03
9.258417661097852033e+03,-3.613365155131263717e-02,1.000000000000000000e+03
9.268429594272076429e+03,-8.711217183770714190e-03,1.000000000000000000e+03
9.278441527446300825e+03,1.759166847472277626e-02,1.000000000000000000e+03
9.288453460620525220e+03,-3.701887611195574246e-02,1.000000000000000000e+03
9.298465393794749616e+03,-4.000000000000000083e-02,1.000000000000000000e+03
9.308477326968974012e+03,-8.307875894988187015e-02,1.000000000000000000e+03
9.318489260143198408e+03,-5.604295942720637080e-02,1.000000000000000000e+03
9.328501193317422803e+03,-5.000000000000000278e-02,1.000000000000000000e+03
9.338513126491647199e+03,-5.751312649164719987e-02,1.000000000000000000e+03
9.348525059665871595e+03,-3.947711000216837240e-02,1.000000000000000000e+03
9.358536992840095991e+03,-6.229116945105486747e-03,1.000000000000000000e+03
9.368548926014320386e+03,-1.219570405728154748e-02,1.000000000000000000e+03
9.378560859188544782e+03,-4.668257756563434779e-02,1.000000000000000000e+03
9.388572792362769178e+03,-5.535600636435901445e-02,1.000000000000000000e+03
9.398584725536993574e+03,-3.566109785202570964e-02,1.000000000000000000e+03
9.408596658711217970e+03,-1.000000000000000021e-02,1.000000000000000000e+03
9.418608591885442365e+03,-1.328053807767487840e-02,1.000000000000000000e+03
9.428620525059664942e+03,-1.761770449121368917e-02,1.000000000000000000e+03
9.438632458233889338e+03,-2.579735300503009296e-03,1.000000000000000000e+03
9.448644391408113734e+03,3.871121718377253107e-02,1.000000000000000000e+03
9.458656324582338129e+03,2.000000000000000042e-02,1.000000000000000000e+03
9.468668257756562525e+03,2.121501410284095529e-02,1.000000000000000000e+03
9.478680190930786921e+03,3.941852896506713166e-02,1.000000000000000000e+03
9.488692124105011317e+03,1.356693425906004696e-02,1.000000000000000000e+03
9.498704057279235712e+03,-1.611217183770713435e-02,1.000000000000000000e+03
9.508715990453460108e+03,-1.128400954653989256e-02,1.000000000000000000e+03
9.518727923627684504e+03,-1.000000000000000021e-02,1.000000000000000000e+03
9.528739856801908900e+03,-2.347971360381779712e-02,1.000000000000000000e+03
9.538751789976133296e+03,-6.375894988066647950e-02,1.000000000000000000e+03
9.548763723150357691e+03,-6.155348231720629559e-02,1.000000000000000000e+03
9.558775656324582087e+03,-3.424821002386703450e-02,1.000000000000000000e+03
9.568787589498806483e+03,-2.957517899761296504e-02,1.000000000000000000e+03
9.578799522673030879e+03,-1.818398784985963967e-02,1.000000000000000000e+03
9.588811455847255274e+03,-9.057279236276373144e-03,1.000000000000000000e+03
9.598823389021479670e+03,-3.652419179865484811e-02,1.000000000000000000e+03
9.608835322195704066e+03,-1.968973747016703260e-02,1.000000000000000000e+03
9.618847255369928462e+03,1.000000000000000021e-02,1.000000000000000000e+03
9.628859188544152858e+03,8.140811455847142553e-03,1.000000000000000000e+03
9.638871121718377253e+03,-3.118536197295422498e-03,1.000000000000000000e+03
9.648883054892601649e+03,-1.980509148766941563e-02,1.000000000000000000e+03
9.658894988066826045e+03,-2.100238663479102319e-04,1.000000000000000000e+03
9.668906921241050441e+03,9.906921241050440849e-03,1.000000000000000000e+03
9.678918854415274836e+03,9.828596224774211604e-04,1.000000000000000000e+03
9.688930787589499232e+03,-8.118897808635665292e-03,1.000000000000000000e+03
9.698942720763723628e+03,-1.000000000000000021e-02,1.000000000000000000e+03
9.708954653937948024e+03,-3.169451073985824624e-02,1.000000000000000000e+03
9.718966587112172419e+03,-1.910023866348274299e-02,1.000000000000000000e+03
9.728978520286396815e+03,-2.268821870253966144e-02,1.000000000000000000e+03
9.738990453460621211e+03,-1.910826643523415996e-02,1.000000000000000000e+03
9.749002386634845607e+03,3.502147971361045664e-02,1.000000000000000000e+03
9.759014319809070003e+03,7.498568019093000692e-02,1.000000000000000000e+03
9.769026252983294398e+03,6.581145584725467401e-02,1.000000000000000000e+03
9.779038186157518794e+03,4.480906921240603025e-02,1.000000000000000000e+03
9.789050119331743190e+03,2.220047732697275761e-02,1.000000000000000000e+03
9.799062052505967586e+03,4.443263180733166701e-02,1.000000000000000000e+03
9.809073985680190162e+03,3.942720763722801225e-02,1.000000000000000000e+03
9.819085918854414558e+03,8.000000000000000167e-02,1.000000000000000000e+03
9.829097852028638954e+03,7.700585810371195217e-02,1.000000000000000000e+03
9.839109785202863350e+03,4.978042959427330522e-02,1.000000000000000000e+03
9.849121718377087745e+03,2.955738771968092343e-02,1.000000000000000000e+03
9.859133651551312141e+03,-6.849642004771422377e-03,1.000000000000000000e+03
9.869145584725536537e+03,2.658233890214614648e-02,1.000000000000000000e+03
9.879157517899760933e+03,2.999999999999999889e-02,1.000000000000000000e+03
9.889169451073985329e+03,2.183054892601467289e-02,1.000000000000000000e+03
9.899181384248209724e+03,-2.312866131481065846e-03,1.000000000000000000e+03
9.909193317422434120e+03,-1.000000000000000021e-02,1.000000000000000000e+03
9.919205250596658516e+03,2.410501193317031443e-03,1.000000000000000000e+03
9.929217183770882912e+03,-1.486873508353164612e-02,1.000000000000000000e+03
9.939229116945107307e+03,-2.480906921241057828e-02,1.000000000000000000e+03
9.949241050119331703e+03,-3.035799522673188200e-03,1.000000000000000000e+03
9.959252983293556099e+03,7.241050119331703117e-03,1.000000000000000000e+03
9.969264916467780495e+03,-2.245606422217282655e-03,1.000000000000000000e+03
9.979276849642004890e+03,1.297895422000444610e-02,1.000000000000000000e+03
9.989288782816229286e+03,1.771121718377071524e-02,1.000000000000000000e+03
9.999300715990453682e+03,7.908440008678470357e-03,1.000000000000000000e+03
1.000931264916467808e+04,7.875894988068466926e-03,1.000000000000000000e+03
1.001932458233890247e+04,5.157083966152971322e-02,1.000000000000000000e+03
1.002933651551312687e+04,-7.552614449986404938e-03,1.000000000000000000e+03
1.003934844868735127e+04,6.526144499891829709e-02,1.000000000000000000e+03
1.004936038186157566e+04,2.319809069212169783e-02,1.000000000000000000e+03
1.005937231503580006e+04,1.147971360381812994e-02,1.000000000000000000e+03
1.006938424821002445e+04,4.048817530917982882e-02,1.000000000000000000e+03
1.007939618138424885e+04,6.479236276849770215e-02,1.000000000000000000e+03
1.008940811455847324e+04,5.653070080277592530e-02,1.000000000000000000e+03
1.009942004773269764e+04,1.147971360381416089e-02,1.000000000000000000e+03
1.010943198090692204e+04,1.338902147971649144e-02,1.000000000000000000e+03
1.011944391408114643e+04,2.505098719895778800e-02,1.000000000000000000e+03
1.012945584725536901e+04,1.108830548926198478e-02,1.000000000000000000e+03
1.013946778042959340e+04,-8.935560859186807148e-03,1.000000000000000000e+03
1.014947971360381780e+04,-1.626690533015183460e-02,1.000000000000000000e+03
1.015949164677804220e+04,-1.747494033412658535e-02,1.000000000000000000e+03
1.016950357995226659e+04,-3.317205467563657389e-02,1.000000000000000000e+03
1.017951551312649099e+04,-6.968973747018026264e-03,1.000000000000000000e+03
1.018952744630071538e+04,1.555435018441957487e-02,1.000000000000000000e+03
1.019953937947493978e+04,5.000000000000000278e-02,1.000000000000000000e+03
1.020955131264916417e+04,5.000000000000000278e-02,1.000000000000000000e+03
1.021956324582338857e+04,5.956324582338856644e-02,1.000000000000000000e+03
1.022957517899761297e+04,2.548926014322203115e-03,1.000000000000000000e+03
1.023958711217183736e+04,-7.989260143197802339e-03,1.000000000000000000e+03
1.024959904534606176e+04,5.198090692123515447e-03,1.000000000000000000e+03
1.025961097852028615e+04,1.000000000000000021e-02,1.000000000000000000e+03
1.026962291169451055e+04,-1.078975916684695065e-02,1.000000000000000000e+03
1.027963484486873494e+04,-1.396832284660459722e-02,1.000000000000000000e+03
1.028964677804295934e+04,-4.080060750705095246e-02,1.000000000000000000e+03
1.029965871121718374e+04,-6.534128878281626751e-02,1.000000000000000000e+03
1.030967064439140813e+04,-4.598806682577560173e-02,1.000000000000000000e+03
1.031968257756563253e+04,-3.780429594272088217e-02,1.000000000000000000e+03
1.032969451073985692e+04,-3.113842482100153547e-02,1.000000000000000000e+03
1.033970644391408132e+04,2.811933174224395815e-02,1.000000000000000000e+03
1.034971837708830572e+04,5.000000000000000278e-02,1.000000000000000000e+03
1.035973031026253011e+04,4.056194402256303733e-02,1.000000000000000000e+03
1.036974224343675451e+04,-6.626166196570424174e-03,1.000000000000000000e+03
1.037975417661097890e+04,3.888262095899501503e-02,1.000000000000000000e+03
1.038976610978520330e+04,-1.859665871121978648e-02,1.000000000000000000e+03
1.039977804295942769e+04,9.334128878283082242e-03,1.000000000000000000e+03
1.040978997613365209e+04,1.815831344471007663e-02,1.000000000000000000e+03
1.041980190930787649e+04,-3.405727923629454923e-03,1.000000000000000000e+03
1.042981384248210088e+04,2.125536992840352385e-02,1.000000000000000000e+03
1.043982577565632528e+04,2.999999999999999889e-02,1.000000000000000000e+03
1.044983770883054967e+04,4.243219787372667917e-02,1.000000000000000000e+03
1.045984964200477407e+04,1.809286179214144447e-02,1.000000000000000000e+03
1.046986157517899846e+04,-5.138424821001535796e-03,1.000000000000000000e+03
1.047987350835322286e+04,-4.873508353222860169e-03,1.000000000000000000e+03
1.048988544152744726e+04,-1.814240254574542299e-02,1.000000000000000000e+03
1.049989737470167165e+04,-1.841050119331339233e-02,1.000000000000000000e+03
1.050990930787589605e+04,1.581861575179209500e-02,1.000000000000000000e+03
1.051992124105012044e+04,1.937730527228929620e-02,1.000000000000000000e+03
1.052993317422434302e+04,-8.242568886960890615e-03,1.000000000000000000e+03
1.053994510739856742e+04,-8.591885441521960546e-04,1.000000000000000000e+03
1.054995704057279181e+04,-9.960945975265282290e-03,1.000000000000000000e+03
1.055996897374701621e+04,-1.000000000000000021e-02,1.000000000000000000e+03
1.056998090692124060e+04,5.986634844868420763e-02,1.000000000000000000e+03
1.057999284009546500e+04,2.669053301511667420e-02,1.000000000000000000e+03
1.059000477326968939e+04,2.000000000000000042e-02,1.000000000000000000e+03
1.060001670644391379e+04,3.603341288782757612e-02,1.000000000000000000e+03
1.061002863961813819e+04,4.000000000000000083e-02,1.000000000000000000e+03
1.062004057279236258e+04,1.439791711868152260e-02,1.000000000000000000e+03
1.063005250596658698e+04,-3.026252983293488755e-02,1.000000000000000000e+03
1.064006443914081137e+04,-3.897374701670659747e-02,1.000000000000000000e+03
1.065007637231503577e+04,-2.999999999999999889e-02,1.000000000000000000e+03
1.066008830548926016e+04,-3.848050914876693929e-02,1.000000000000000000e+03
1.067010023866348456e+04,-4.689976133651543866e-02,1.000000000000000000e+03
1.068011217183770896e+04,-2.755131264916417522e-02,1.000000000000000000e+03
1.069012410501193335e+04,8.520286396181868740e-03,1.000000000000000000e+03
1.070013603818615775e+04,1.931980906921125854e-02,1.000000000000000000e+03
1.071014797136038214e+04,-1.609459752657792231e-02,1.000000000000000000e+03
1.072015990453460654e+04,3.163376003472380231e-03,1.000000000000000000e+03
1.073017183770883094e+04,3.017183770883093488e-02,1.000000000000000000e+03
1.074018377088305533e+04,4.015314240254611033e-02,1.000000000000000000e+03
1.075019570405727973e+04,4.849642004773310755e-02,1.000000000000000000e+03
1.076020763723150412e+04,2.537708830548763422e-02,1.000000000000000000e+03
1.077021957040572852e+04,2.000000000000000042e-02,1.000000000000000000e+03
1.078023150357995291e+04,5.033629854631065104e-03,1.000000000000000000e+03
1.079024343675417731e+04,7.243436754177309811e-03,1.000000000000000000e+03
1.080025536992840171e+04,-3.191581688003101297e-03,1.000000000000000000e+03
1.081026730310262610e+04,7.092644825343911649e-03,1.000000000000000000e+03
1.082027923627685050e+04,2.527923627685049746e-02,1.000000000000000000e+03
1.083029116945107307e+04,3.529116945107307196e-02,1.000000000000000000e+03
1.084030310262529747e+04,4.883850437549577816e-02,1.000000000000000000e+03
1.085031503579952187e+04,4.673985680191253961e-02,1.000000000000000000e+03
1.086032696897374626e+04,-1.171620742021664552e-03,1.000000000000000000e+03
1.087033890214797066e+04,-3.830548926014671479e-02,1.000000000000000000e+03
1.088035083532219505e+04,-2.137123020177320639e-03,1.000000000000000000e+03
1.089036276849641945e+04,-1.743328270774244931e-02,1.000000000000000000e+03
1.090037470167064384e+04,-7.112410501193154599e-02,1.000000000000000000e+03
1.091038663484486824e+04,-9.845346062052703906e-02,1.000000000000000000e+03
1.092039856801909264e+04,-5.966785998408946634e-02,1.000000000000000000e+03
1.093041050119331703e+04,-5.132458233890247606e-02,1.000000000000000000e+03
1.094042243436754143e+04,5.346062052485611726e-04,1.000000000000000000e+03
1.095043436754176582e+04,-1.300282056845224361e-02,1.000000000000000000e+03
1.096044630071599022e+04,-4.233890214797066121e-02,1.000000000000000000e+03
1.097045823389021461e+04,-5.000000000000000278e-02,1.000000000000000000e+03
1.098047016706443901e+04,-2.059014970709540510e-02,1.000000000000000000e+03
1.099048210023866341e+04,-5.482100238663406046e-03,1.000000000000000000e+03
1.100049403341288780e+04,-2.098806682577560034e-02,1.000000000000000000e+03
1.101050596658711220e+04,-2.541169451073983440e-02,1.000000000000000000e+03
1.102051789976133659e+04,-2.703579952267318870e-02,1.000000000000000000e+03
1.103052983293556099e+04,-3.679106096767182504e-02,1.000000000000000000e+03
1.104054176610978539e+04,-2.745823389021461586e-02,1.000000000000000000e+03
1.105055369928400978e+04,-2.000000000000000042e-02,1.000000000000000000e+03
1.106056563245823418e+04,-2.000000000000000042e-02,1.000000000000000000e+03
1.107057756563245857e+04,-2.115513126491714441e-02,1.000000000000000000e+03
1.108058949880668297e+04,-4.058949880668297205e-02,1.000000000000000000e+03
1.109060143198090736e+04,-4.949880668257720245e-02,1.000000000000000000e+03
1.110061336515513176e+04,-4.115552903739019830e-02,1.000000000000000000e+03
1.111062529832935616e+04,-8.312649164678076463e-02,1.000000000000000000e+03
1.112063723150358055e+04,-7.429594272076263384e-02,1.000000000000000000e+03
1.113064916467780495e+04,-6.235083532219505564e-02,1.000000000000000000e+03
1.114066109785202934e+04,-3.214146235625693626e-02,1.000000000000000000e+03
1.115067303102625374e+04,-1.393360815795114706e-02,1.000000000000000000e+03
1.116068496420047813e+04,-2.136992840095626456e-02,1.000000000000000000e+03
1.117069689737470253e+04,-1.860620525059494129e-02,1.000000000000000000e+03
1.118070883054892693e+04,-4.852824184551230574e-04,1.000000000000000000e+03
1.119072076372315132e+04,2.558472553697356197e-03,1.000000000000000000e+03
1.120073269689737572e+04,-6.606639184203893546e-03,1.000000000000000000e+03
1.121074463007160011e+04,0.000000000000000000e+00,1.000000000000000000e+03
1.122075656324582451e+04,-5.011933174226380384e-03,1.000000000000000000e+03
1.123076849642004890e+04,-1.517682794532116894e-02,1.000000000000000000e+03
1.124078042959427330e+04,1.156085918854660166e-02,1.000000000000000000e+03
1.125079236276849588e+04,3.079236276849587478e-02,1.000000000000000000e+03
1.126080429594272027e+04,3.396778042959795046e-02,1.000000000000000000e+03
1.127081622911694467e+04,-4.112171837708501060e-02,1.000000000000000000e+03
1.128082816229116906e+04,-2.351551312649280759e-02,1.000000000000000000e+03
1.129084009546539346e+04,-1.115990453460653960e-02,1.000000000000000000e+03
1.130085202863961786e+04,2.218919505315583574e-02,1.000000000000000000e+03
1.131086396181384225e+04,-5.745280972010241571e-03,1.000000000000000000e+03
1.132087589498806665e+04,1.750488175309080144e-02,1.000000000000000000e+03
1.133088782816229104e+04,2.233651551312686862e-02,1.000000000000000000e+03
1.134089976133651544e+04,1.000000000000000021e-02,1.000000000000000000e+03
1.135091169451073984e+04,-1.463206046141597889e-02,1.000000000000000000e+03
1.136092362768496423e+04,-1.253460620525037941e-02,1.000000000000000000e+03
1.137093556085918863e+04,3.393556085918862653e-02,1.000000000000000000e+03
1.138094749403341302e+04,1.846821436320169804e-02,1.000000000000000000e+03
1.139095942720763742e+04,-1.730961162942052864e-02,1.000000000000000000e+03
1.140097136038186181e+04,-1.179214580169255823e-02,1.000000000000000000e+03
1.141098329355608621e+04,-1.705011933174137295e-02,1.000000000000000000e+03
1.142099522673031061e+04,8.009546539378789229e-03,1.000000000000000000e+03
1.143100715990453500e+04,-8.321400159108332042e-03,1.000000000000000000e+03
1.144101909307875940e+04,8.365155131265662389e-03,1.000000000000000000e+03
1.145103102625298379e+04,1.903102625298379313e-02,1.000000000000000000e+03
1.146104295942720819e+04,1.095704057279181173e-02,1.000000000000000000e+03
1.147105489260143258e+04,-3.115860273378447814e-02,1.000000000000000000e+03
1.148106682577565698e+04,-6.933391191147993127e-02,1.000000000000000000e+03
1.149107875894988138e+04,-2.851811672813545084e-02,1.000000000000000000e+03
1.150109069212410577e+04,0.000000000000000000e+00,1.000000000000000000e+03
1.151110262529833017e+04,1.220525059666033481e-02,1.000000000000000000e+03
1.152111455847255274e+04,1.490453460620604770e-02,1.000000000000000000e+03
1.153112649164677714e+04,1.000000000000000021e-02,1.000000000000000000e+03
1.154113842482100154e+04,2.655369928400614504e-02,1.000000000000000000e+03
1.155115035799522593e+04,3.868084183120200359e-02,1.000000000000000000e+03
1.156116229116945033e+04,4.012367107832026658e-02,1.000000000000000000e+03
1.157117422434367472e+04,9.652267303102415874e-02,1.000000000000000000e+03
1.158118615751789912e+04,1.060880885224601555e-01,1.000000000000000000e+03
1.159119809069212351e+04,5.000000000000000278e-02,1.000000000000000000e+03
1.160121002386634791e+04,4.596658711217363469e-02,1.000000000000000000e+03
1.161122195704057231e+04,1.259347653142564583e-02,1.000000000000000000e+03
1.162123389021479670e+04,1.000000000000000021e-02,1.000000000000000000e+03
1.163124582338902110e+04,1.924582338902109876e-02,1.000000000000000000e+03
1.164125775656324549e+04,1.158385766977682377e-02,1.000000000000000000e+03
1.165126968973746989e+04,4.758949880668131294e-02,1.000000000000000000e+03
1.166128162291169428e+04,3.815513126491713869e-02,1.000000000000000000e+03
1.167129355608591868e+04,2.999999999999999889e-02,1.000000000000000000e+03
1.168130548926014308e+04,2.999999999999999889e-02,1.000000000000000000e+03
1.169131742243436747e+04,3.526451869530622396e-02,1.000000000000000000e+03
1.170132935560859187e+04,3.567064439140812948e-02,1.000000000000000000e+03
1.171134128878281626e+04,2.999999999999999889e-02,1.000000000000000000e+03
1.172135322195704066e+04,2.999999999999999889e-02,1.000000000000000000e+03
1.173136515513126506e+04,3.917769581254106070e-02,1.000000000000000000e+03
1.174137708830548945e+04,6.950835322195780819e-02,1.000000000000000000e+03
1.175138902147971385e+04,8.914081145584615284e-02,1.000000000000000000e+03
1.176140095465393824e+04,4.579713603818527656e-02,1.000000000000000000e+03
1.177141288782816264e+04,2.513777392059141080e-02,1.000000000000000000e+03
1.178142482100238703e+04,5.845519635495623895e-02,1.000000000000000000e+03
1.179143675417661143e+04,2.204816663050389314e-02,1.000000000000000000e+03
1.180144868735083583e+04,3.889737470167164979e-02,1.000000000000000000e+03
1.181146062052506022e+04,5.720112822738222108e-02,1.000000000000000000e+03
1.182147255369928462e+04,2.919071382078321231e-02,1.000000000000000000e+03
1.183148448687350901e+04,1.251551312649098677e-02,1.000000000000000000e+03
1.184149642004773341e+04,1.000000000000000021e-02,1.000000000000000000e+03
1.185150835322195780e+04,1.000000000000000021e-02,1.000000000000000000e+03
1.186152028639618220e+04,2.185506617487672706e-02,1.000000000000000000e+03
1.187153221957040660e+04,3.502929051855144943e-02,1.000000000000000000e+03
1.188154415274463099e+04,2.182338902147603135e-02,1.000000000000000000e+03
1.189155608591885539e+04,1.366825775656616351e-02,1.000000000000000000e+03
1.190156801909307978e+04,7.159904534601080339e-03,1.000000000000000000e+03
1.191157995226730418e+04,-1.452028639617492303e-02,1.000000000000000000e+03
1.192159188544152858e+04,1.821870253850647187e-02,1.000000000000000000e+03
1.193160381861575297e+04,-1.518854415274108888e-02,1.000000000000000000e+03
1.194161575178997737e+04,1.000000000000000021e-02,1.000000000000000000e+03
1.195162768496420176e+04,8.858754610542250371e-03,1.000000000000000000e+03
1.196163961813842434e+04,-9.344760251680616150e-03,1.000000000000000000e+03
1.197165155131264873e+04,1.895465393794620174e-02,1.000000000000000000e+03
1.198166348448687313e+04,3.932696897374626105e-02,1.000000000000000000e+03
1.199167541766109753e+04,4.806284805091461110e-02,1.000000000000000000e+03
1.200168735083532192e+04,1.156324582339039037e-02,1.000000000000000000e+03
1.201169928400954632e+04,-1.399869819917512297e-02,1.000000000000000000e+03
1.202171121718377071e+04,-1.328878281622928627e-02,1.000000000000000000e+03
1.203172315035799511e+04,-3.888045129095355629e-03,1.000000000000000000e+03
1.204173508353221951e+04,-1.042742460403546338e-02,1.000000000000000000e+03
1.205174701670644390e+04,-1.525298329355609904e-02,1.000000000000000000e+03
1.206175894988066830e+04,9.035799522673188325e-03,1.000000000000000000e+03
1.207177088305489269e+04,2.999999999999999889e-02,1.000000000000000000e+03
1.208178281622911709e+04,2.721718377088291202e-02,1.000000000000000000e+03
1.209179474940334148e+04,1.237795617270504370e-02,1.000000000000000000e+03
1.210180668257756588e+04,-1.180668257756587944e-02,1.000000000000000000e+03
1.211181861575179028e+04,-2.495986114124620903e-02,1.000000000000000000e+03
1.212183054892601467e+04,-4.773486656541453543e-02,1.000000000000000000e+03
1.213184248210023907e+04,-2.042959427207527087e-02,1.000000000000000000e+03
1.214185441527446346e+04,-5.941766109785384664e-02,1.000000000000000000e+03
1.215186634844868786e+04,-6.986634844868785943e-02,1.000000000000000000e+03
1.216187828162291225e+04,-6.176809864757312057e-02,1.000000000000000000e+03
1.217189021479713665e+04,-2.054892601431675125e-02,1.000000000000000000e+03
1.218190214797136105e+04,1.370644391408313949e-02,1.000000000000000000e+03
1.219191408114558544e+04,2.000000000000000042e-02,1.000000000000000000e+03
1.220192601431980984e+04,3.888912996311773979e-02,1.000000000000000000e+03
1.221193794749403423e+04,6.079626817097133484e-02,1.000000000000000000e+03
1.222194988066825863e+04,7.494988066825863937e-02,1.000000000000000000e+03
1.223196181384248121e+04,8.992362768496241221e-02,1.000000000000000000e+03
1.224197374701670560e+04,7.927605409705999751e-02,1.000000000000000000e+03
1.225198568019093000e+04,3.507159904535001732e-02,1.000000000000000000e+03
1.226199761336515439e+04,5.995226730308786736e-03,1.000000000000000000e+03
1.227200954653937879e+04,3.584291603388425895e-03,1.000000000000000000e+03
1.228202147971360318e+04,-3.632458233890330235e-02,1.000000000000000000e+03
1.229203341288782758e+04,-1.624213495335425153e-02,1.000000000000000000e+03
1.230204534606205198e+04,2.004534606205197675e-02,1.000000000000000000e+03
1.231205727923627637e+04,2.994272076372362507e-02,1.000000000000000000e+03
1.232206921241050077e+04,2.005767700875064202e-02,1.000000000000000000e+03
1.233208114558472516e+04,2.840095465393763577e-02,1.000000000000000000e+03
1.234209307875894956e+04,2.190692124105043936e-02,1.000000000000000000e+03
1.235210501193317396e+04,2.000000000000000042e-02,1.000000000000000000e+03
1.236211694510739835e+04,6.427424604035464339e-02,1.000000000000000000e+03
1.237212887828162275e+04,7.351920156216114333e-02,1.000000000000000000e+03
1.238214081145584714e+04,3.929594272076429584e-02,1.000000000000000000e+03
1.239215274463007154e+04,3.219787372532170039e-03,1.000000000000000000e+03
1.240216467780429593e+04,5.494033412887802670e-03,1.000000000000000000e+03
1.241217661097852033e+04,2.431384248210027507e-02,1.000000000000000000e+03
1.242218854415274473e+04,1.724582338902109699e-02,1.000000000000000000e+03
1.243220047732696912e+04,-3.599045346061757744e-03,1.000000000000000000e+03
1.244221241050119352e+04,2.168149273161278784e-02,1.000000000000000000e+03
1.245222434367541791e+04,4.191147754393486496e-02,1.000000000000000000e+03
1.246223627684964231e+04,1.123627684964230954e-02,1.000000000000000000e+03
1.247224821002386670e+04,2.000000000000000042e-02,1.000000000000000000e+03
1.248226014319809110e+04,2.052028639618220032e-02,1.000000000000000000e+03
1.249227207637231550e+04,3.886634844868543104e-02,1.000000000000000000e+03
1.250228400954653989e+04,-2.850039777249548101e-03,1.000000000000000000e+03
1.251229594272076429e+04,6.466348448687858630e-02,1.000000000000000000e+03
1.252230787589498868e+04,4.676849642004526908e-02,1.000000000000000000e+03
1.253231980906921308e+04,5.512692558038741197e-02,1.000000000000000000e+03
1.254233174224343747e+04,4.666955955738640721e-02,1.000000000000000000e+03
1.255234367541766187e+04,4.000000000000000083e-02,1.000000000000000000e+03
1.256235560859188627e+04,4.577782599262388008e-02,1.000000000000000000e+03
1.257236754176611066e+04,3.926491646777867384e-02,1.000000000000000000e+03
1.258237947494033506e+04,2.510956823605903915e-02,1.000000000000000000e+03
1.259239140811455945e+04,8.023432414837855520e-03,1.000000000000000000e+03
1.260240334128878385e+04,-6.596658711216150245e-03,1.000000000000000000e+03
1.261241527446300825e+04,9.314384899113395053e-03,1.000000000000000000e+03
1.262242720763723264e+04,2.117379041006312024e-02,1.000000000000000000e+03
1.263243914081145704e+04,-1.143914081145703740e-02,1.000000000000000000e+03
1.264245107398568143e+04,-1.604252549359609301e-02,1.000000000000000000e+03
1.265246300715990583e+04,1.000000000000000021e-02,1.000000000000000000e+03
1.266247494033413022e+04,9.568236059881614353e-03,1.000000000000000000e+03
1.267248687350835280e+04,4.664786287701810918e-04,1.000000000000000000e+03
1.268249880668257720e+04,1.727055760468581072e-02,1.000000000000000000e+03
1.269251073985680159e+04,3.702147971360318646e-02,1.000000000000000000e+03
1.270252267303102599e+04,4.000000000000000083e-02,1.000000000000000000e+03
1.271253460620525038e+04,1.866348448687404210e-02,1.000000000000000000e+03
1.272254653937947478e+04,2.963961813842434095e-02,1.000000000000000000e+03
1.273255847255369918e+04,4.000000000000000083e-02,1.000000000000000000e+03
1.274257040572792357e+04,2.885918854415285562e-02,1.000000000000000000e+03
1.275258233890214797e+04,2.507485354740724218e-02,1.000000000000000000e+03
1.276259427207637236e+04,2.582338902147966742e-02,1.000000000000000000e+03
1.277260620525059676e+04,3.081861575179027646e-02,1.000000000000000000e+03
1.278261813842482115e+04,5.361813842482115317e-02,1.000000000000000000e+03
1.279263007159904555e+04,4.789976133651482892e-02,1.000000000000000000e+03
1.280264200477326995e+04,2.000000000000000042e-02,1.000000000000000000e+03
1.281265393794749434e+04,2.000000000000000042e-02,1.000000000000000000e+03
1.282266587112171874e+04,1.800238663484378734e-02,1.000000000000000000e+03
1.283267780429594313e+04,-8.767628552830666194e-03,1.000000000000000000e+03
1.284268973747016753e+04,9.435886309395508445e-03,1.000000000000000000e+03
1.285270167064439192e+04,-2.527880234324336034e-02,1.000000000000000000e+03
1.286271360381861632e+04,-2.128639618138367801e-02,1.000000000000000000e+03
1.287272553699284072e+04,-1.127446300715928378e-02,1.000000000000000000e+03
1.288273747016706511e+04,-3.912490055688370993e-02,1.000000000000000000e+03
1.289274940334128951e+04,-2.975178997613147844e-02,1.000000000000000000e+03
1.290276133651551390e+04,-3.229333911911618643e-02,1.000000000000000000e+03
1.291277326968973830e+04,-5.360381861570201467e-03,1.000000000000000000e+03
1.292278520286396270e+04,1.474072466912482345e-02,1.000000000000000000e+03
1.293279713603818527e+04,2.744413104794644204e-02,1.000000000000000000e+03
1.294280906921240967e+04,4.619093078759033133e-02,1.000000000000000000e+03
1.295282100238663406e+04,3.617899761336593883e-02,1.000000000000000000e+03
1.296283293556085846e+04,3.638822593476409573e-02,1.000000000000000000e+03
1.297284486873508285e+04,4.815513126491714757e-02,1.000000000000000000e+03
1.298285680190930725e+04,4.506400520720159342e-02,1.000000000000000000e+03
1.299286873508353165e+04,6.652505966587342334e-02,1.000000000000000000e+03
1.300288066825775604e+04,3.176133651551208553e-02,1.000000000000000000e+03
1.301289260143198044e+04,4.851233094669927387e-02,1.000000000000000000e+03
1.302290453460620483e+04,3.182577565632527250e-02,1.000000000000000000e+03
1.303291646778042923e+04,1.216706443914154431e-02,1.000000000000000000e+03
1.304292840095465363e+04,-1.678520286396087413e-02,1.000000000000000000e+03
1.305294033412887802e+04,2.350835322195054394e-03,1.000000000000000000e+03
1.306295226730310242e+04,1.695226730310241819e-02,1.000000000000000000e+03
1.307296420047732681e+04,2.633109134302437371e-02,1.000000000000000000e+03
1.308297613365155121e+04,3.597613365155120924e-02,1.000000000000000000e+03
1.309298806682577560e+04,1.005966587112197899e-02,1.000000000000000000e+03
1.310300000000000000e+04,1.500000000000000118e-02,1.000000000000000000e+03
1.311301193317422440e+04,4.000000000000000083e-02,1.000000000000000000e+03
1.312302386634844879e+04,3.597613365155120924e-02,1.000000000000000000e+03
1.313303579952267319e+04,2.266218268604874853e-02,1.000000000000000000e+03
1.314304773269689758e+04,2.108266435235484765e-02,1.000000000000000000e+03
1.315305966587112198e+04,5.561727055760540273e-02,1.000000000000000000e+03
1.316307159904534637e+04,7.571360381861449995e-02,1.000000000000000000e+03
1.317308353221957077e+04,3.458233890214614664e-02,1.000000000000000000e+03
1.318309546539379517e+04,-1.091288782816263875e-02,1.000000000000000000e+03
1.319310739856801956e+04,-1.925616547334963596e-02,1.000000000000000000e+03
1.320311933174224396e+04,-3.823866348448791419e-02,1.000000000000000000e+03
1.321313126491646835e+04,-4.000000000000000083e-02,1.000000000000000000e+03
1.322314319809069275e+04,3.480798437839521114e-02,1.000000000000000000e+03
1.323315513126491715e+04,2.775873291386233427e-02,1.000000000000000000e+03
1.324316706443914154e+04,-6.062052505969237060e-03,1.000000000000000000e+03
1.325317899761336594e+04,1.089498806682968196e-02,1.000000000000000000e+03
1.326319093078759033e+04,2.380906921240966839e-02,1.000000000000000000e+03
1.327320286396181473e+04,3.033810660302454706e-02,1.000000000000000000e+03
1.328321479713603912e+04,2.066825775647887498e-03,1.000000000000000000e+03
1.329322673031026352e+04,-2.041288782815536135e-02,1.000000000000000000e+03
1.330323866348448792e+04,1.614666955955644176e-02,1.000000000000000000e+03
1.331325059665871231e+04,1.295508787155664684e-02,1.000000000000000000e+03
1.332326252983293671e+04,6.424821002379758547e-03,1.000000000000000000e+03
1.333327446300716110e+04,-3.586461271425254310e-02,1.000000000000000000e+03
1.334328639618138550e+04,-1.871360381861450137e-02,1.000000000000000000e+03
1.335329832935560989e+04,-1.324582338902473636e-02,1.000000000000000000e+03
1.336331026252983429e+04,-3.827565632458572453e-02,1.000000000000000000e+03
1.337332219570405869e+04,-1.203341288782394311e-02,1.000000000000000000e+03
1.338333412887828308e+04,8.668257756566164277e-03,1.000000000000000000e+03
1.339334606205250748e+04,1.000000000000000021e-02,1.000000000000000000e+03
1.340335799522673187e+04,1.759817747884715594e-02,1.000000000000000000e+03
1.341336992840095627e+04,5.260143198087461475e-03,1.000000000000000000e+03
1.342338186157517885e+04,-1.342156650032517475e-02,1.000000000000000000e+03
1.343339379474940324e+04,-1.360620525059675831e-02,1.000000000000000000e+03
1.344340572792362764e+04,-2.067621320604606100e-02,1.000000000000000000e+03
1.345341766109785203e+04,-2.116467780429593520e-02,1.000000000000000000e+03
1.346342959427207643e+04,-1.000000000000000021e-02,1.000000000000000000e+03
1.347344152744630082e+04,-5.962247776090159532e-03,1.000000000000000000e+03
1.348345346062052522e+04,1.255803862009170942e-02,1.000000000000000000e+03
1.349346539379474962e+04,3.013842482100153458e-02,1.000000000000000000e+03
1.350347732696897401e+04,4.504230852680021768e-03,1.000000000000000000e+03
1.351348926014319841e+04,1.404295942720636993e-02,1.000000000000000000e+03
1.352350119331742280e+04,-2.272944239531418664e-02,1.000000000000000000e+03
1.353351312649164720e+04,-3.860056411368945756e-02,1.000000000000000000e+03
1.354352505966587159e+04,-1.129529182035019994e-02,1.000000000000000000e+03
1.355353699284009599e+04,9.073985680191980555e-03,1.000000000000000000e+03
1.356354892601432039e+04,1.000000000000000021e-02,1.000000000000000000e+03
1.357356085918854478e+04,-5.226079409850750701e-02,1.000000000000000000e+03
1.358357279236276918e+04,-8.514558472553836188e-02,1.000000000000000000e+03
1.359358472553699175e+04,-7.620958993274226656e-02,1.000000000000000000e+03
1.360359665871121615e+04,-4.361336515513539874e-02,1.000000000000000000e+03
1.361360859188544055e+04,-1.798437839010809738e-02,1.000000000000000000e+03
1.362362052505966494e+04,1.043827294423615125e-02,1.000000000000000000e+03
1.363363245823388934e+04,1.610262529833198647e-02,1.000000000000000000e+03
1.364364439140811373e+04,4.644391408113734097e-03,1.000000000000000000e+03
1.365365632458233813e+04,-1.640811455845323993e-03,1.000000000000000000e+03
1.366366825775656253e+04,-2.266825775656252512e-02,1.000000000000000000e+03
1.367368019093078692e+04,-2.756346279019370599e-02,1.000000000000000000e+03
1.368369212410501132e+04,-1.153937947494341684e-02,1.000000000000000000e+03
1.369370405727923571e+04,2.690171403775324863e-02,1.000000000000000000e+03
1.370371599045346011e+04,9.349099587763538832e-03,1.000000000000000000e+03
1.371372792362768450e+04,2.473421566504506452e-04,1.000000000000000000e+03
1.372373985680190890e+04,0.000000000000000000e+00,1.000000000000000000e+03
1.373375178997613330e+04,2.925536992839988804e-02,1.000000000000000000e+03
1.374376372315035769e+04,-2.545743834525639182e-03,1.000000000000000000e+03
1.375377565632458209e+04,1.332696897374626051e-02,1.000000000000000000e+03
1.376378758949880648e+04,1.292037318290319842e-02,1.000000000000000000e+03
1.377379952267303088e+04,2.359904534606175469e-02,1.000000000000000000e+03
1.378381145584725527e+04,5.231069646344455037e-03,1.000000000000000000e+03
1.379382338902147967e+04,-1.529399001952697415e-02,1.000000000000000000e+03
1.380383532219570407e+04,-2.967064439140813109e-02,1.000000000000000000e+03
1.381384725536992846e+04,-2.545823389021461408e-02,1.000000000000000000e+03
1.382385918854415286e+04,-2.214797136038214320e-02,1.000000000000000000e+03
1.383387112171837725e+04,-5.148448687350901110e-02,1.000000000000000000e+03
1.384388305489260165e+04,-7.213712302017732947e-02,1.000000000000000000e+03
1.385389498806682604e+04,-5.189498806682604770e-02,1.000000000000000000e+03
1.386390692124105044e+04,-5.306574094163475641e-02,1.000000000000000000e+03
1.387391885441527484e+04,-2.167064439140879359e-02,1.000000000000000000e+03
1.388393078758949923e+04,-3.987415925363496649e-02,1.000000000000000000e+03
1.389394272076372363e+04,-5.988544152744725013e-02,1.000000000000000000e+03
1.390395465393794802e+04,-6.995465393794803033e-02,1.000000000000000000e+03
1.391396658711217242e+04,-7.830548926014369027e-02,1.000000000000000000e+03
1.392397852028639682e+04,-4.010739856801592146e-02,1.000000000000000000e+03
1.393399045346062121e+04,-2.999999999999999889e-02,1.000000000000000000e+03
1.394400238663484561e+04,-1.545020611846253424e-02,1.000000000000000000e+03
1.395401431980907000e+04,2.753308743763640404e-03,1.000000000000000000e+03
1.396402625298329440e+04,1.547841180299490763e-02,1.000000000000000000e+03
1.397403818615751879e+04,-1.526730310263156240e-02,1.000000000000000000e+03
1.398405011933174319e+04,-2.474940334128405278e-02,1.000000000000000000e+03
1.399406205250596759e+04,-2.109188544153160760e-02,1.008436754176612681e+03
1.400407398568019198e+04,-3.155608591884811326e-02,1.075331742243455665e+03
1.401408591885441638e+04,-1.244304621393728903e-02,1.200000000000000000e+03
1.402409785202864077e+04,-5.741288782815536645e-02,1.200000000000000000e+03
1.403410978520286517e+04,-1.000000000000000021e-02,1.200000000000000000e+03
1.404412171837708956e+04,-6.940768062483006554e-03,1.200000000000000000e+03
1.405413365155131396e+04,1.933174224343019859e-02,1.200000000000000000e+03
1.406414558472553836e+04,-2.391191147748692944e-02,1.200000000000000000e+03
1.407415751789976275e+04,3.947689303537150751e-01,1.200000000000000000e+03
1.408416945107398715e+04,7.550987198959079327e-01,1.200000000000000000e+03
1.409418138424821154e+04,7.790930787589422923e-01,1.200000000000000000e+03
1.410419331742243594e+04,8.593816446083920590e-01,1.200000000000000000e+03
1.411420525059666033e+04,8.755894988066793561e-01,1.200000000000000000e+03
1.412421718377088291e+04,8.760143198090690753e-01,1.200000000000000000e+03
1.413422911694510731e+04,9.898114558472534963e-01,1.200000000000000000e+03
1.414424105011933170e+04,1.074276849642004983e+00,1.200000000000000000e+03
1.415425298329355610e+04,1.117305272293339202e+00,1.200000000000000000e+03
1.416426491646778049e+04,1.203263180733348037e+00,1.200000000000000000e+03
1.417427684964200489e+04,1.269789542200044474e+00,1.200000000000000000e+03
1.418428878281622929e+04,1.328556085918853658e+00,1.200000000000000000e+03
1.419430071599045368e+04,1.258626600130177131e+00,1.200000000000000000e+03
1.420431264916467808e+04,1.116133651551307615e+00,1.200000000000000000e+03
1.421432458233890247e+04,9.383770883054876055e-01,1.200000000000000000e+03
1.422433651551312687e+04,8.878585376437381216e-01,1.200000000000000000e+03
1.423434844868735127e+04,8.241462356259464661e-01,1.200000000000000000e+03
1.424436038186157566e+04,8.948830548926053341e-01,1.200000000000000000e+03
1.425437231503580006e+04,7.828460620524992919e-01,1.200000000000000000e+03
1.426438424821002445e+04,7.943054892601467687e-01,1.200000000000000000e+03
1.427439618138424885e+04,8.026038186157512522e-01,1.200000000000000000e+03
1.428440811455847324e+04,7.663267520069397820e-01,1.200000000000000000e+03
1.429442004773269764e+04,7.441635929702749008e-01,1.200000000000000000e+03
1.430443198090692022e+04,7.399999999999999911e-01,1.200000000000000000e+03
1.431444391408114461e+04,6.955608591885539260e-01,1.200000000000000000e+03
1.432445584725536901e+04,6.444558472553689743e-01,1.200000000000000000e+03
1.433446778042959340e+04,6.239379474940385251e-01,1.200000000000000000e+03
1.434447971360381780e+04,5.824797136038177836e-01,1.200000000000000000e+03
1.435449164677804220e+04,5.809394662616647054e-01,1.200000000000000000e+03
1.436450357995226659e+04,5.545107398567997725e-01,1.200000000000000000e+03
1.437451551312649099e+04,5.786222607940990637e-01,1.200000000000000000e+03
1.438452744630071538e+04,5.680820134519439790e-01,1.200000000000000000e+03
1.439453937947493978e+04,5.316749837274917789e-01,1.200000000000000000e+03
1.440455131264916417e+04,5.204486873508358258e-01,1.200000000000000000e+03
1.441456324582338857e+04,5.373877196788883204e-01,1.200000000000000000e+03
1.442457517899761297e+04,5.010219136472138235e-01,1.200000000000000000e+03
1.443458711217183736e+04,5.382816229116923479e-01,1.200000000000000000e+03
1.444459904534606176e+04,7.051789976133586713e-01,1.200000000000000000e+03
1.445461097852028615e+04,7.535560859188553673e-01,1.200000000000000000e+03
1.446462291169451055e+04,6.185799522673066653e-01,1.200000000000000000e+03
1.447463484486873494e+04,4.829212410501204644e-01,1.200000000000000000e+03
1.448464677804295934e+04,4.400000000000000022e-01,1.200000000000000000e+03
1.449465871121718374e+04,4.582935560859187074e-01,1.200000000000000000e+03
1.450467064439140813e+04,4.899999999999999911e-01,1.200000000000000000e+03
1.451468257756563253e+04,4.826838793664567362e-01,1.200000000000000000e+03
1.452469451073985692e+04,4.549164677804292678e-01,1.200000000000000000e+03
1.453470644391408132e+04,4.424105011933187059e-01,1.200000000000000000e+03
1.454471837708830572e+04,5.028162291169429032e-01,1.200000000000000000e+03
1.455473031026253011e+04,4.026968973746989366e-01,1.200000000000000000e+03
1.456474224343675451e+04,4.292267303102635378e-01,1.200000000000000000e+03
1.457475417661097890e+04,4.743371664135404564e-01,1.200000000000000000e+03
1.458476610978520330e+04,6.553221957040660239e-01,1.200000000000000000e+03
1.459477804295942769e+04,6.141646778042922916e-01,1.200000000000000000e+03
1.460478997613365209e+04,4.881503579952186644e-01,1.200000000000000000e+03
1.461480190930787649e+04,4.461835539162513631e-01,1.200000000000000000e+03
1.462481384248210088e+04,4.674415274463026293e-01,1.200000000000000000e+03
1.463482577565632528e+04,5.382577565632526984e-01,1.200000000000000000e+03
1.464483770883054967e+04,5.899999999999999689e-01,1.200000000000000000e+03
1.465484964200477407e+04,5.284057279236148430e-01,1.200000000000000000e+03
1.466486157517899846e+04,4.510631373399915933e-01,1.200000000000000000e+03
1.467487350835322286e+04,4.926122803211117063e-01,1.200000000000000000e+03
1.468488544152744726e+04,4.868019093078692072e-01,1.200000000000000000e+03
1.469489737470167165e+04,4.299999999999999933e-01,1.200000000000000000e+03
1.470490930787589605e+04,4.354558472553762827e-01,1.200000000000000000e+03
1.471492124105012044e+04,4.899999999999999911e-01,1.200000000000000000e+03
1.472493317422434484e+04,4.899999999999999911e-01,1.200000000000000000e+03
1.473494510739856923e+04,4.452744630071538423e-01,1.200000000000000000e+03
1.474495704057279363e+04,4.725710566283404801e-01,1.200000000000000000e+03
1.475496897374701803e+04,5.198448687350901709e-01,1.200000000000000000e+03
1.476498090692124242e+04,5.009785202863912268e-01,1.200000000000000000e+03
1.477499284009546682e+04,4.836428726404847223e-01,1.200000000000000000e+03
1.478500477326969121e+04,4.739952267303087496e-01,1.200000000000000000e+03
1.479501670644391561e+04,4.481210674766705204e-01,1.200000000000000000e+03
1.480502863961814001e+04,4.528574528097272789e-01,1.200000000000000000e+03
1.481504057279236440e+04,4.395942720763559852e-01,1.200000000000000000e+03
1.482505250596658880e+04,3.984204816663127202e-01,1.200000000000000000e+03
1.483506443914081137e+04,4.299999999999999933e-01,1.200000000000000000e+03
1.484507637231503577e+04,4.223090692124105705e-01,1.200000000000000000e+03
1.485508830548926016e+04,4.000000000000000222e-01,1.200000000000000000e+03
1.486510023866348456e+04,4.055011933174228478e-01,1.200000000000000000e+03
1.487511217183770896e+04,4.479778693859837180e-01,1.200000000000000000e+03
1.488512410501193335e+04,4.311282273812122590e-01,1.200000000000000000e+03
1.489513603818615775e+04,5.221458016923431478e-01,1.200000000000000000e+03
1.490514797136038214e+04,5.549490128010422518e-01,1.200000000000000000e+03
1.491515990453460654e+04,5.436801909307870107e-01,1.200000000000000000e+03
1.492517183770883094e+04,4.909689737470143700e-01,1.200000000000000000e+03
1.493518377088305533e+04,4.731801909307872256e-01,1.200000000000000000e+03
1.494519570405727973e+04,4.823914081145594390e-01,1.200000000000000000e+03
1.495520763723150412e+04,4.730700802777160208e-01,1.200000000000000000e+03
1.496521957040572852e+04,4.860978520286425852e-01,1.200000000000000000e+03
1.497523150357995291e+04,5.753937947494114358e-01,1.200000000000000000e+03
1.498524343675417731e+04,7.021646778043050263e-01,1.200000000000000000e+03
1.499525536992840171e+04,7.281479713603675741e-01,1.200000000000000000e+03
1.500526730310262610e+04,5.554458667823712892e-01,1.200000000000000000e+03
1.501527923627684868e+04,4.479279670210466469e-01,1.200000000000000000e+03
1.502529116945107307e+04,4.411737904100664354e-01,1.200000000000000000e+03
1.503530310262529747e+04,4.518186157517848356e-01,1.200000000000000000e+03
1.504531503579952187e+04,5.081097852028688688e-01,1.200000000000000000e+03
1.505532696897374626e+04,4.519073190135198814e-01,1.200000000000000000e+03
1.506533890214797066e+04,5.103102625298288064e-01,1.200000000000000000e+03
1.507535083532219505e+04,5.116491646778049684e-01,1.200000000000000000e+03
1.508536276849641945e+04,5.252050336298536015e-01,1.200000000000000000e+03
1.509537470167064384e+04,5.078758949880685103e-01,1.200000000000000000e+03
1.510538663484486824e+04,4.630668257756587747e-01,1.200000000000000000e+03
1.511539856801909264e+04,4.453985680190926666e-01,1.200000000000000000e+03
1.512541050119331703e+04,4.554105011933170521e-01,1.200000000000000000e+03
1.513542243436754143e+04,4.402820568453039152e-01,1.200000000000000000e+03
1.514543436754176582e+04,4.240312432197870796e-01,1.200000000000000000e+03
1.515544630071599022e+04,4.362660013018003768e-01,1.200000000000000000e+03
1.516545823389021461e+04,4.475417661097854105e-01,1.200000000000000000e+03
1.517547016706443901e+04,4.424701670644390350e-01,1.200000000000000000e+03
1.518548210023866341e+04,4.437947494033415152e-01,1.200000000000000000e+03
1.519549403341288780e+04,4.244463007159902102e-01,1.200000000000000000e+03
1.520550596658711220e+04,5.086200911260576607e-01,1.200000000000000000e+03
1.521551789976133659e+04,4.813148188327183719e-01,1.200000000000000000e+03
1.522552983293556099e+04,5.181193317422440048e-01,1.200000000000000000e+03
1.523554176610978539e+04,4.722911694510730785e-01,1.200000000000000000e+03
1.524555369928400978e+04,4.524463007159902350e-01,1.200000000000000000e+03
1.525556563245823418e+04,5.180906921241076324e-01,1.200000000000000000e+03
1.526557756563245857e+04,4.848904317639376460e-01,1.200000000000000000e+03
1.527558949880668297e+04,4.719809069212417829e-01,1.200000000000000000e+03
1.528560143198090736e+04,4.749077891082660319e-01,1.200000000000000000e+03
1.529561336515513176e+04,4.653866348448682522e-01,1.200000000000000000e+03
1.530562529832935616e+04,4.831264916467807868e-01,1.200000000000000000e+03
1.531563723150358055e+04,5.215930787589514450e-01,1.200000000000000000e+03
1.532564916467780495e+04,5.479474940334148059e-01,1.200000000000000000e+03
1.533566109785202934e+04,5.627424604035563549e-01,1.200000000000000000e+03
1.534567303102625374e+04,5.383269689737463226e-01,1.200000000000000000e+03
1.535568496420047813e+04,5.243834526650729133e-01,1.200000000000000000e+03
1.536569689737470253e+04,4.910103420843248689e-01,1.200000000000000000e+03
1.537570883054892693e+04,5.385441527446346299e-01,1.200000000000000000e+03
1.538572076372315132e+04,5.108377088305460223e-01,1.200000000000000000e+03
1.539573269689737572e+04,4.923041874593168665e-01,1.200000000000000000e+03
1.540574463007160011e+04,4.582013451941814308e-01,1.200000000000000000e+03
1.541575656324582451e+04,4.570514211325677478e-01,1.200000000000000000e+03
1.542576849642004890e+04,4.803054892601467118e-01,1.200000000000000000e+03
1.543578042959427330e+04,5.035608591885466501e-01,1.200000000000000000e+03
1.544579236276849770e+04,5.156603023070813752e-01,1.200000000000000000e+03
1.545580429594272209e+04,4.863699284009453949e-01,1.200000000000000000e+03
1.546581622911694649e+04,4.675135604252599331e-01,1.200000000000000000e+03
1.547582816229117088e+04,5.627350835322467715e-01,1.200000000000000000e+03
1.548584009546539528e+04,6.590540247342075997e-01,1.200000000000000000e+03
1.549585202863961968e+04,5.888869602950580484e-01,1.200000000000000000e+03
1.550586396181384407e+04,5.074558472553762911e-01,1.200000000000000000e+03
1.551587589498806847e+04,5.400000000000000355e-01,1.200000000000000000e+03
1.552588782816229286e+04,5.432284660447013191e-01,1.200000000000000000e+03
1.553589976133651726e+04,5.796354957691536303e-01,1.200000000000000000e+03
1.554591169451073984e+04,7.484988066825771780e-01,1.200000000000000000e+03
1.555592362768496423e+04,7.680429594272076832e-01,1.200000000000000000e+03
1.556593556085918863e+04,5.555465393794729589e-01,1.200000000000000000e+03
1.557594749403341302e+04,4.107000795544930583e-01,1.200000000000000000e+03
1.558595942720763742e+04,4.117565632458244917e-01,1.200000000000000000e+03
1.559597136038186181e+04,4.299999999999999933e-01,1.200000000000000000e+03
1.560598329355608621e+04,4.000835322195689381e-01,1.200000000000000000e+03
1.561599522673031061e+04,4.345020611846418523e-01,1.200000000000000000e+03
1.562600715990453500e+04,4.572401822521136028e-01,1.200000000000000000e+03
1.563601909307875940e+04,4.541145584725563844e-01,1.200000000000000000e+03
1.564603102625298379e+04,4.863354306791056181e-01,1.200000000000000000e+03
1.565604295942720819e+04,4.882989802560223080e-01,1.200000000000000000e+03
1.566605489260143258e+04,5.058902147971348073e-01,1.200000000000000000e+03
1.567606682577565698e+04,4.937578650466490360e-01,1.200000000000000000e+03
1.568607875894988138e+04,5.067637231503558937e-01,1.200000000000000000e+03
1.569609069212410577e+04,4.809089101034214608e-01,1.200000000000000000e+03
1.570610262529833017e+04,4.892521877486084581e-01,1.200000000000000000e+03
1.571611455847255274e+04,5.173436754176582442e-01,1.200000000000000000e+03
1.572612649164677714e+04,5.200000000000000178e-01,1.200000000000000000e+03
1.573613842482100154e+04,4.955847255369953963e-01,1.200000000000000000e+03
1.574615035799522593e+04,4.899999999999999911e-01,1.200000000000000000e+03
1.575616229116945033e+04,4.834888262095906053e-01,1.200000000000000000e+03
1.576617422434367472e+04,5.046968973746989162e-01,1.200000000000000000e+03
1.577618615751789912e+04,4.862573226296411644e-01,1.200000000000000000e+03
1.578619809069212351e+04,4.552744630071604570e-01,1.200000000000000000e+03
1.579621002386634791e+04,4.668400954653916246e-01,1.200000000000000000e+03
1.580622195704057231e+04,4.899999999999999911e-01,1.200000000000000000e+03
1.581623389021479670e+04,4.899999999999999911e-01,1.200000000000000000e+03
1.582624582338902110e+04,4.954097056483685035e-01,1.200000000000000000e+03
1.583625775656324549e+04,5.137732696897364670e-01,1.200000000000000000e+03
1.584626968973746989e+04,5.361909307875903918e-01,1.200000000000000000e+03
1.585628162291169428e+04,5.076697765241922067e-01,1.200000000000000000e+03
1.586629355608591868e+04,4.913343458450848966e-01,1.200000000000000000e+03
1.587630548926014308e+04,5.368431330006503410e-01,1.200000000000000000e+03
1.588631742243436747e+04,4.807073117812978857e-01,1.200000000000000000e+03
1.589632935560859187e+04,5.033174224343675007e-01,1.200000000000000000e+03
1.590634128878281626e+04,4.766348448687349193e-01,1.200000000000000000e+03
1.591635322195704066e+04,5.048050914876693884e-01,1.200000000000000000e+03
1.592636515513126506e+04,5.327303102625301490e-01,1.200000000000000000e+03
1.593637708830548945e+04,6.153655890648753735e-01,1.200000000000000000e+03
1.594638902147971385e+04,7.508353221957076995e-01,1.200000000000000000e+03
1.595640095465393824e+04,7.884944311853602228e-01,1.200000000000000000e+03
1.596641288782816264e+04,6.680906921240966634e-01,1.200000000000000000e+03
1.597642482100238703e+04,5.236992840095481272e-01,1.200000000000000000e+03
1.598643675417661143e+04,5.312540681275740306e-01,1.200000000000000000e+03
1.599644868735083583e+04,4.877739205901492348e-01,1.200000000000000000e+03
1.600646062052506022e+04,4.760164894771084509e-01,1.200000000000000000e+03
1.601647255369928462e+04,4.523627684964230955e-01,1.200000000000000000e+03
1.602648448687350901e+04,4.980620525059639703e-01,1.200000000000000000e+03
1.603649642004773341e+04,4.628957836117782443e-01,1.200000000000000000e+03
1.604650835322195780e+04,5.212987271280872248e-01,1.200000000000000000e+03
1.605652028639618220e+04,4.959188544152711708e-01,1.200000000000000000e+03
1.606653221957040660e+04,5.520525059665933876e-01,1.200000000000000000e+03
1.607654415274463099e+04,5.398233890214760855e-01,1.200000000000000000e+03
1.608655608591885539e+04,5.614836913285641273e-01,1.200000000000000000e+03
1.609656801909307978e+04,5.577279236276808660e-01,1.200000000000000000e+03
1.610657995226730418e+04,5.511599045346083914e-01,1.200000000000000000e+03
1.611659188544152858e+04,5.142482100238571219e-01,1.200000000000000000e+03
1.612660381861575297e+04,4.867411586027380888e-01,1.200000000000000000e+03
1.613661575178997737e+04,5.132870470817976205e-01,1.200000000000000000e+03
1.614662768496420176e+04,5.173723150357982803e-01,1.200000000000000000e+03
1.615663961813842616e+04,5.179188544152785179e-01,1.200000000000000000e+03
1.616665155131265055e+04,5.311614956244982144e-01,1.200000000000000000e+03
1.617666348448687495e+04,5.006634844868749212e-01,1.200000000000000000e+03
1.618667541766109935e+04,5.130700802777242719e-01,1.200000000000000000e+03
1.619668735083532374e+04,5.585788674332897719e-01,1.200000000000000000e+03
1.620669928400954814e+04,5.309021479713555980e-01,1.200000000000000000e+03
1.621671121718377253e+04,5.866487669053397358e-01,1.200000000000000000e+03
1.622672315035799693e+04,7.699093078759323694e-01,1.200000000000000000e+03
1.623673508353222132e+04,7.503842482100080424e-01,1.200000000000000000e+03
1.624674701670644390e+04,5.750596658711220055e-01,1.200000000000000000e+03
1.625675894988066830e+04,4.546995009763503126e-01,1.200000000000000000e+03
1.626677088305489269e+04,4.357387719678891824e-01,1.200000000000000000e+03
1.627678281622911709e+04,4.404343675417658477e-01,1.200000000000000000e+03
1.628679474940334148e+04,4.491789976133659379e-01,1.200000000000000000e+03
1.629680668257756588e+04,4.980389817024676313e-01,1.200000000000000000e+03
1.630681861575179028e+04,5.371813842482097145e-01,1.200000000000000000e+03
1.631683054892601467e+04,5.171338685181151584e-01,1.200000000000000000e+03
1.632684248210023907e+04,4.855274463007172026e-01,1.200000000000000000e+03
1.633685441527446346e+04,5.403449772184930611e-01,1.200000000000000000e+03
1.634686634844868786e+04,6.868496420047713880e-01,1.200000000000000000e+03
1.635687828162291225e+04,6.504426122803190768e-01,1.200000000000000000e+03
1.636689021479713665e+04,6.401097852028633239e-01,1.200000000000000000e+03
1.637690214797136105e+04,5.949902364938134403e-01,1.200000000000000000e+03
1.638691408114558726e+04,5.008591885441273650e-01,1.200000000000000000e+03
1.639692601431981166e+04,4.720739856801883239e-01,1.200000000000000000e+03
1.640693794749403605e+04,4.772163159036691416e-01,1.200000000000000000e+03
1.641694988066826045e+04,4.313508353221768288e-01,1.200000000000000000e+03
1.642696181384248121e+04,4.099999999999999756e-01,1.200000000000000000e+03
1.643697374701670560e+04,4.348687350835280241e-01,1.200000000000000000e+03
1.644698568019093000e+04,4.600000000000000200e-01,1.200000000000000000e+03
1.645699761336515439e+04,4.799880668257719973e-01,1.200000000000000000e+03
1.646700954653937879e+04,4.881297461488429690e-01,1.200000000000000000e+03
1.647702147971360318e+04,4.527467997396392718e-01,1.200000000000000000e+03
1.648703341288782758e+04,4.661002386634827688e-01,1.200000000000000000e+03
1.649704534606205198e+04,4.918594055109563601e-01,1.200000000000000000e+03
1.650705727923627637e+04,5.057669776524166272e-01,1.200000000000000000e+03
1.651706921241050077e+04,5.602076372315023534e-01,1.200000000000000000e+03
1.652708114558472516e+04,5.891147754393618596e-01,1.200000000000000000e+03
1.653709307875894956e+04,4.798936862660048153e-01,1.200000000000000000e+03
1.654710501193317396e+04,4.973150357995218540e-01,1.200000000000000000e+03
1.655711694510739835e+04,4.544152744630082230e-01,1.200000000000000000e+03
1.656712887828162275e+04,4.542577565632455183e-01,1.200000000000000000e+03
1.657714081145584714e+04,4.528591885441528575e-01,1.200000000000000000e+03
1.658715274463007154e+04,4.369950097635063035e-01,1.200000000000000000e+03
1.659716467780429593e+04,5.196680407897590337e-01,1.200000000000000000e+03
1.660717661097852033e+04,6.652961596875683892e-01,1.200000000000000000e+03
1.661718854415274473e+04,6.578520286396160044e-01,1.200000000000000000e+03
1.662720047732696912e+04,4.459904534606176085e-01,1.200000000000000000e+03
1.663721241050119352e+04,3.756344470962631465e-01,1.200000000000000000e+03
1.664722434367541791e+04,4.622243436754179258e-01,1.200000000000000000e+03
1.665723627684964231e+04,4.720329789542202503e-01,1.200000000000000000e+03
1.666724821002386670e+04,4.775035799522665547e-01,1.200000000000000000e+03
1.667726014319809110e+04,4.631503579952277461e-01,1.200000000000000000e+03
1.668727207637231550e+04,4.881801909307887377e-01,1.200000000000000000e+03
1.669728400954653989e+04,4.899999999999999911e-01,1.200000000000000000e+03
1.670729594272076429e+04,5.271837708830571234e-01,1.200000000000000000e+03
1.671730787589498868e+04,4.876914732045968814e-01,1.200000000000000000e+03
1.672731980906921308e+04,4.724365372098062732e-01,1.200000000000000000e+03
1.673733174224343747e+04,5.833087437622155313e-01,1.200000000000000000e+03
1.674734367541766187e+04,7.668735083532374208e-01,1.200000000000000000e+03
1.675735560859188627e+04,7.001766109785021452e-01,1.200000000000000000e+03
1.676736754176611066e+04,5.032617342879711630e-01,1.200000000000000000e+03
1.677737947494033506e+04,4.043794749403350486e-01,1.200000000000000000e+03
1.678739140811455945e+04,4.179843783901081022e-01,1.200000000000000000e+03
1.679740334128878385e+04,4.299999999999999933e-01,1.200000000000000000e+03
1.680741527446300825e+04,4.206856151008865896e-01,1.200000000000000000e+03
1.681742720763723264e+04,4.022065523974842072e-01,1.200000000000000000e+03
1.682743914081145704e+04,4.215131264916562870e-01,1.200000000000000000e+03
1.683745107398568143e+04,4.992341071816090992e-01,1.200000000000000000e+03
1.684746300715990583e+04,5.578954220004280762e-01,1.200000000000000000e+03
1.685747494033413022e+04,5.123866348448625763e-01,1.200000000000000000e+03
1.686748687350835462e+04,5.669212410501276445e-01,1.200000000000000000e+03
1.687749880668257902e+04,4.404708179648315625e-01,1.200000000000000000e+03
1.688751073985680341e+04,4.625536992840170170e-01,1.200000000000000000e+03
1.689752267303102781e+04,4.557955449482870014e-01,1.200000000000000000e+03
1.690753460620525220e+04,4.630692124105044161e-01,1.200000000000000000e+03
1.691754653937947660e+04,4.580972011282243850e-01,1.200000000000000000e+03
1.692755847255370099e+04,4.555584725537010216e-01,1.200000000000000000e+03
1.693757040572792539e+04,5.157040572792538358e-01,1.200000000000000000e+03
1.694758233890214979e+04,5.491711868084100390e-01,1.200000000000000000e+03
1.695759427207637054e+04,5.271885441527410787e-01,1.200000000000000000e+03
1.696760620525059494e+04,5.334432631807365377e-01,1.200000000000000000e+03
1.697761813842481934e+04,5.200000000000000178e-01,1.200000000000000000e+03
1.698763007159904373e+04,5.363007159904373822e-01,1.200000000000000000e+03
1.699764200477326813e+04,6.334345845085573856e-01,1.200000000000000000e+03
1.700765393794749252e+04,7.054224343675523645e-01,1.200000000000000000e+03
1.701766587112171692e+04,6.289021479713846619e-01,1.200000000000000000e+03
1.702767780429594131e+04,4.620365950676447730e-01,1.200000000000000000e+03
1.703768973747016571e+04,4.834486873508285765e-01,1.200000000000000000e+03
1.704770167064439011e+04,4.812983293556098996e-01,1.200000000000000000e+03
1.705771360381861450e+04,4.483141679323108808e-01,1.200000000000000000e+03
1.706772553699283890e+04,4.540464308960707185e-01,1.200000000000000000e+03
1.707773747016706329e+04,4.722499457582968740e-01,1.200000000000000000e+03
1.708774940334128769e+04,4.742505966587122757e-01,1.200000000000000000e+03
1.709776133651551208e+04,4.584773269689758068e-01,1.200000000000000000e+03
1.710777326968973648e+04,4.355668257756588058e-01,1.200000000000000000e+03
1.711778520286396088e+04,4.313556085918826000e-01,1.200000000000000000e+03
1.712779713603818527e+04,4.500000000000000111e-01,1.200000000000000000e+03
1.713780906921240967e+04,4.612362768496386933e-01,1.200000000000000000e+03
1.714782100238663406e+04,4.852983293556099031e-01,1.200000000000000000e+03
1.715783293556085846e+04,4.675011933174246237e-01,1.200000000000000000e+03
1.716784486873508285e+04,4.476038186157457188e-01,1.200000000000000000e+03
1.717785680190930725e+04,5.261054458667852041e-01,1.200000000000000000e+03
1.718786873508353165e+04,4.805966587112197597e-01,1.200000000000000000e+03
1.719788066825775604e+04,4.620351486222617488e-01,1.200000000000000000e+03
1.720789260143198044e+04,5.085050987198933559e-01,1.200000000000000000e+03
1.721790453460620483e+04,5.200000000000000178e-01,1.200000000000000000e+03
1.722791646778042923e+04,5.120835322195708139e-01,1.200000000000000000e+03
1.723792840095465363e+04,6.024980111376256886e-01,1.200000000000000000e+03
1.724794033412887802e+04,7.391050119331703527e-01,1.200000000000000000e+03
1.725795226730310242e+04,7.025992623128695103e-01,1.200000000000000000e+03
1.726796420047732681e+04,5.207159904534637285e-01,1.200000000000000000e+03
1.727797613365155121e+04,4.241467780429593049e-01,1.200000000000000000e+03
1.728798806682577560e+04,4.329880668257756193e-01,1.200000000000000000e+03
1.729800000000000000e+04,4.490000000000000102e-01,1.200000000000000000e+03
1.730801193317422440e+04,4.645237578650465160e-01,1.200000000000000000e+03
1.731802386634844879e+04,4.536797569971796062e-01,1.200000000000000000e+03
1.732803579952267319e+04,4.634085484920796860e-01,1.200000000000000000e+03
1.733804773269689758e+04,4.001909307875903821e-01,1.200000000000000000e+03
1.734805966587112198e+04,4.397016706443900858e-01,1.200000000000000000e+03
1.735807159904534637e+04,3.907159904534637795e-01,1.200000000000000000e+03
1.736808353221957077e+04,4.908353221957076906e-01,1.200000000000000000e+03
1.737809546539379517e+04,5.261909307875903830e-01,1.200000000000000000e+03
1.738810739856801956e+04,5.373703623345632563e-01,1.200000000000000000e+03
1.739811933174224396e+04,5.115226730310241665e-01,1.200000000000000000e+03
1.740813126491646835e+04,4.740681275764787039e-01,1.200000000000000000e+03
1.741814319809069275e+04,5.158472553699341434e-01,1.200000000000000000e+03
1.742815513126491715e+04,5.600000000000000533e-01,1.200000000000000000e+03
1.743816706443914154e+04,6.210653070080364158e-01,1.200000000000000000e+03
1.744817899761336594e+04,6.748036450423056110e-01,1.200000000000000000e+03
1.745819093078759033e+04,5.957541766109644144e-01,1.200000000000000000e+03
1.746820286396181473e+04,4.654415274462966878e-01,1.200000000000000000e+03
1.747821479713603912e+04,4.344295942720782233e-01,1.200000000000000000e+03
1.748822673031026352e+04,4.500000000000000111e-01,1.200000000000000000e+03
1.749823866348448792e+04,4.509546539379516994e-01,1.200000000000000000e+03
1.750825059665871231e+04,4.895443697114321702e-01,1.200000000000000000e+03
1.751826252983293671e+04,4.713408548492059591e-01,1.200000000000000000e+03
1.752827446300716110e+04,4.607255369928389133e-01,1.200000000000000000e+03
1.753828639618138550e+04,4.853265350401422817e-01,1.200000000000000000e+03
1.754829832935560989e+04,4.749121284443456048e-01,1.200000000000000000e+03
1.755831026252983429e+04,4.188281622911599889e-01,1.200000000000000000e+03
1.756832219570405869e+04,4.266261661965770613e-01,1.200000000000000000e+03
1.757833412887828308e+04,4.745497938815440575e-01,1.200000000000000000e+03
1.758834606205250748e+04,5.374224343675523263e-01,1.200000000000000000e+03
1.759835799522673187e+04,5.359036667389789343e-01,1.200000000000000000e+03
1.760836992840095627e+04,5.087398568019125822e-01,1.200000000000000000e+03
1.761838186157518066e+04,5.200000000000000178e-01,1.200000000000000000e+03
1.762839379474940506e+04,5.008496420047595654e-01,1.200000000000000000e+03
1.763840572792362946e+04,4.616515513126651094e-01,1.200000000000000000e+03
1.764841766109785385e+04,5.234063788240349568e-01,1.200000000000000000e+03
1.765842959427207825e+04,5.000000000000000000e-01,1.200000000000000000e+03
1.766844152744630264e+04,4.991972228249043075e-01,1.200000000000000000e+03
1.767845346062052704e+04,4.809937079626780965e-01,1.200000000000000000e+03
1.768846539379475144e+04,4.421384248209942469e-01,1.200000000000000000e+03
1.769847732696897583e+04,4.779093078759032998e-01,1.200000000000000000e+03
1.770848926014320023e+04,4.799999999999999822e-01,1.200000000000000000e+03
1.771850119331742462e+04,4.574964200477261156e-01,1.200000000000000000e+03
1.772851312649164902e+04,4.978108049468574214e-01,1.200000000000000000e+03
1.773852505966587341e+04,5.004248210023797272e-01,1.200000000000000000e+03
1.774853699284009781e+04,4.954474940334148148e-01,1.200000000000000000e+03
1.775854892601432221e+04,5.636849642005108407e-01,1.200000000000000000e+03
1.776856085918854660e+04,6.992911694511058096e-01,1.200000000000000000e+03
1.777857279236277100e+04,6.743870687784245810e-01,1.200000000000000000e+03
1.778858472553699539e+04,5.334823172054629081e-01,1.200000000000000000e+03
1.779859665871121979e+04,4.893122152310389050e-01,1.200000000000000000e+03
1.780860859188544418e+04,3.900000000000000133e-01,1.200000000000000000e+03
1.781862052505966858e+04,3.851384248209942518e-01,1.200000000000000000e+03
1.782863245823389298e+04,3.722434367541972988e-01,1.200000000000000000e+03
1.783864439140811737e+04,4.473329355608802738e-01,1.200000000000000000e+03
1.784865632458234177e+04,4.886252983293670749e-01,1.200000000000000000e+03
1.785866825775656616e+04,4.284747233673062428e-01,1.200000000000000000e+03
1.786868019093079056e+04,4.199999999999999845e-01,1.200000000000000000e+03
1.787869212410501495e+04,3.982696897374626288e-01,1.200000000000000000e+03
1.788870405727923935e+04,3.832959427207606740e-01,1.200000000000000000e+03
1.789871599045346375e+04,4.270119331742462387e-01,1.200000000000000000e+03
1.790872792362768814e+04,4.194185289650539383e-01,1.200000000000000000e+03
1.791873985680191254e+04,4.260902581905115505e-01,1.200000000000000000e+03
1.792875178997613330e+04,4.672792362768483643e-01,1.200000000000000000e+03
1.793876372315035769e+04,5.539832935560807803e-01,1.200000000000000000e+03
1.794877565632458209e+04,6.411217183770895334e-01,1.200000000000000000e+03
1.795878758949880648e+04,5.626551312649189507e-01,1.200000000000000000e+03
1.796879952267303088e+04,4.492028639618147468e-01,1.200000000000000000e+03
1.797881145584725527e+04,4.115274463007154160e-01,1.200000000000000000e+03
1.798882338902147967e+04,4.650596658711219633e-01,1.200000000000000000e+03
1.799883532219570407e+04,4.115187676285528284e-01,1.199240616185723638e+03
1.800884725536992846e+04,4.297222824907790395e-01,1.190138858754610510e+03
1.801885918854415286e+04,3.851855066174870168e-01,1.190000000000000000e+03
1.802887112171837725e+04,2.735465393794729305e-01,1.190000000000000000e+03
1.803888305489260165e+04,3.407550444781968224e-01,1.190000000000000000e+03
1.804889498806682604e+04,4.604816663050587122e-01,1.182822738121067232e+03
1.805890692124105044e+04,4.120937296593580323e-01,1.180000000000000000e+03
1.806891885441527484e+04,3.008114558472516631e-01,1.180000000000000000e+03
1.807893078758949923e+04,1.888305489260092285e-01,1.180000000000000000e+03
1.808894272076372363e+04,6.571599045345465073e-02,1.180000000000000000e+03
1.809895465393794802e+04,9.773269689740118546e-03,1.176045346062051976e+03
1.810896658711217242e+04,5.081796485137932834e-02,1.170000000000000000e+03
1.811897852028639682e+04,6.106443914080955659e-02,1.170000000000000000e+03
1.812899045346062121e+04,3.252386634844697116e-02,1.170000000000000000e+03
1.813900238663484561e+04,1.400954653938242707e-02,1.170000000000000000e+03
1.814901431980907000e+04,5.000000000000000278e-02,1.168985680190929997e+03
1.815902625298329440e+04,5.373182903016145151e-02,1.160000000000000000e+03
1.816903818615751879e+04,8.975699717942585421e-02,1.160000000000000000e+03
1.817905011933174319e+04,2.604469516163425424e-02,1.160000000000000000e+03
1.818906205250596759e+04,-4.714688652638868160e-03,1.160000000000000000e+03
1.819907398568019198e+04,-3.422195704057594268e-02,1.151926014319808019e+03
1.820908591885441638e+04,-1.574224343675086762e-02,1.150000000000000000e+03
1.821909785202864077e+04,-6.398568019093849035e-02,1.150000000000000000e+03
1.822910978520286517e+04,-8.999999999999999667e-02,1.150000000000000000e+03
1.823912171837708956e+04,-4.547841180298498043e-02,1.150000000000000000e+03
1.824913365155131396e+04,-2.026730310262792045e-02,1.144866348448686040e+03
1.825914558472553836e+04,-1.284805091487214307e-02,1.140000000000000000e+03
1.826915751789976275e+04,3.684964200474496153e-03,1.140000000000000000e+03
1.827916945107398351e+04,-7.118680841833173109e-03,1.140000000000000000e+03
1.828918138424820791e+04,1.745107398566324297e-02,1.140000000000000000e+03
1.829919331742243230e+04,7.800607507051608713e-02,1.138006075070516090e+03
1.830920525059665670e+04,6.671295291820901474e-02,1.130000000000000000e+03
1.831921718377088109e+04,3.956563245823781216e-02,1.130000000000000000e+03
1.832922911694510549e+04,2.041657626382815949e-02,1.130000000000000000e+03
1.833924105011932988e+04,3.862009112605433586e-02,1.130000000000000000e+03
1.834925298329355428e+04,1.476459101757924067e-02,1.121588197005859683e+03
1.835926491646777868e+04,2.652983293555735006e-02,1.120000000000000000e+03
1.836927684964200307e+04,3.752440876545733855e-02,1.120000000000000000e+03
1.837928878281622747e+04,4.728878281622746899e-02,1.120000000000000000e+03
1.838930071599045186e+04,1.958035003978390864e-02,1.120000000000000000e+03
1.839931264916467626e+04,3.187589498805755428e-02,1.114687350835323741e+03
1.840932458233890065e+04,7.452158819700177572e-02,1.110000000000000000e+03
1.841933651551312505e+04,1.030095465393751492e-01,1.110000000000000000e+03
1.842934844868734945e+04,7.651551312650553549e-02,1.110000000000000000e+03
1.843936038186157384e+04,1.305489260143076480e-02,1.110000000000000000e+03
1.844937231503579824e+04,2.474463007159647537e-02,1.107627684964201762e+03
1.845938424821002263e+04,4.000000000000000083e-02,1.100000000000000000e+03
1.846939618138424703e+04,4.380776741158280696e-02,1.100000000000000000e+03
1.847940811455847142e+04,6.877565632458573774e-02,1.100000000000000000e+03
1.848942004773269582e+04,3.923627684964395984e-02,1.100000000000000000e+03
1.849943198090692022e+04,2.103276198741779041e-02,1.100000000000000000e+03
1.850944391408114461e+04,2.000000000000000042e-02,1.090556085918855388e+03
1.851945584725536901e+04,5.939936356403753559e-02,1.090000000000000000e+03
1.852946778042959340e+04,7.000000000000000666e-02,1.090000000000000000e+03
1.853947971360381780e+04,4.280104144066254612e-02,1.090000000000000000e+03
1.854949164677804220e+04,1.701670644391561210e-02,1.083508353221957805e+03
1.855950357995226659e+04,-1.824690822302892784e-03,1.080000000000000000e+03
1.856951551312649099e+04,5.042308526793598880e-03,1.080000000000000000e+03
1.857952744630071538e+04,2.452744630071538104e-02,1.080000000000000000e+03
1.858953937947493978e+04,2.587329138641838305e-02,1.080000000000000000e+03
1.859955131264916417e+04,3.291386417877881221e-02,1.076771533955305358e+03
1.860956324582338857e+04,6.256324582338856910e-02,1.070000000000000000e+03
1.861957517899761297e+04,6.063571273595285555e-02,1.070000000000000000e+03
1.862958711217183736e+04,3.158711217183736431e-02,1.070000000000000000e+03
1.863959904534606176e+04,3.600238663484560397e-02,1.070000000000000000e+03
1.864961097852028615e+04,1.097255369928461927e-02,1.070000000000000000e+03
1.865962291169451055e+04,1.962291169451054959e-02,1.060377088305489451e+03
1.866963484486873494e+04,1.124105011933186973e-02,1.060000000000000000e+03
1.867964677804295934e+04,2.729355608591867849e-02,1.060000000000000000e+03
1.868965871121718374e+04,2.212844434801478771e-02,1.060000000000000000e+03
1.869967064439140813e+04,3.394662616619660567e-02,1.053026686916901781e+03
1.870968257756563253e+04,1.995226730310241739e-02,1.050000000000000000e+03
1.871969451073985692e+04,-1.434367541766153921e-02,1.050000000000000000e+03
1.872970644391408132e+04,-9.249294857886111026e-03,1.050000000000000000e+03
1.873971837708830572e+04,5.632458233885695442e-04,1.050000000000000000e+03
1.874973031026253011e+04,-1.399435886308890084e-03,1.045699717943154383e+03
1.875974224343675451e+04,1.748448687350901212e-02,1.040000000000000000e+03
1.876975417661097890e+04,2.687151949085091543e-02,1.040000000000000000e+03
1.877976610978520330e+04,2.176610978520329698e-02,1.040000000000000000e+03
1.878977804295942769e+04,2.030158385766712287e-02,1.040000000000000000e+03
1.879978997613365209e+04,-3.394988066826044870e-02,1.039210023866347910e+03
1.880980190930787649e+04,-7.635495769147052081e-02,1.030000000000000000e+03
1.881981384248210088e+04,-3.084617053590508334e-02,1.030000000000000000e+03
1.882982577565632528e+04,-1.213495335213586254e-02,1.030000000000000000e+03
1.883983770883054967e+04,2.535083532219868652e-02,1.030000000000000000e+03
1.884984964200477407e+04,2.999999999999999889e-02,1.021954870904750805e+03
1.885986157517899846e+04,1.570622694727551866e-02,1.020000000000000000e+03
1.886987350835322286e+04,-2.124321978737664374e-02,1.020000000000000000e+03
1.887988544152744726e+04,-5.177088305489450926e-02,1.020000000000000000e+03
1.888989737470167165e+04,-1.282100238662678415e-02,1.020000000000000000e+03
1.889990930787589605e+04,5.226730310259882634e-03,1.015075576770086627e+03
1.890992124105012044e+04,-6.078758949879557033e-03,1.010000000000000000e+03
1.891993317422434484e+04,7.151225862445161931e-03,1.010000000000000000e+03
1.892994510739856923e+04,1.116467780429229555e-02,1.010000000000000000e+03
1.893995704057279363e+04,-5.071599045343949501e-03,1.010000000000000000e+03
1.894996897374701803e+04,1.387589498807210477e-02,1.009031026252981974e+03
1.895998090692124242e+04,4.705727923627273795e-02,1.000000000000000000e+03
1.896999284009546682e+04,1.909741809503016571e-02,1.000000000000000000e+03
1.898000477326969121e+04,1.000867867216584210e-02,1.000000000000000000e+03
1.899001670644391561e+04,2.821219353439201327e-02,1.000000000000000000e+03
1.900002863961814001e+04,5.462356259492728849e-02,1.000000000000000000e+03
1.901004057279236440e+04,1.175656324581358936e-02,1.000000000000000000e+03
1.902005250596658880e+04,8.052505966588796582e-03,1.000000000000000000e+03
1.903006443914081319e+04,-1.199392492949052404e-02,1.000000000000000000e+03
1.904007637231503759e+04,-7.133868518113477275e-03,1.000000000000000000e+03
1.905008830548926198e+04,-1.217661097852396762e-02,1.000000000000000000e+03
1.906010023866348638e+04,-1.699284009540859980e-03,1.000000000000000000e+03
1.907011217183771078e+04,3.037390612570258636e-02,1.000000000000000000e+03
1.908012410501193517e+04,3.350357995225931862e-02,1.000000000000000000e+03
1.909013603818615957e+04,1.000000000000000021e-02,1.000000000000000000e+03
1.910014797136038396e+04,-8.854415274472561895e-03,1.000000000000000000e+03
1.911015990453460836e+04,-3.425471902798480489e-02,1.000000000000000000e+03
1.912017183770883275e+04,-1.348448687350173661e-02,1.000000000000000000e+03
1.913018377088305715e+04,1.198524625732468214e-02,1.000000000000000000e+03
1.914019570405728155e+04,1.880429594271845403e-02,1.000000000000000000e+03
1.915020763723150594e+04,1.109785202864176437e-02,1.000000000000000000e+03
1.916021957040573034e+04,1.960078108049029613e-02,1.000000000000000000e+03
1.917023150357995473e+04,1.397266218264123228e-03,1.000000000000000000e+03
1.918024343675417913e+04,9.243436754179129577e-03,1.000000000000000000e+03
1.919025536992840352e+04,-8.510739856807050460e-03,1.000000000000000000e+03
1.920026730310262792e+04,3.212410501194509771e-02,1.000000000000000000e+03
1.921027923627685232e+04,9.893686265991578216e-03,1.000000000000000000e+03
1.922029116945107671e+04,7.291169451076712563e-03,1.000000000000000000e+03
1.923030310262530111e+04,-1.921241050120443133e-02,1.000000000000000000e+03
1.924031503579952550e+04,6.575178997627516286e-03,1.000000000000000000e+03
1.925032696897374990e+04,2.999999999999999889e-02,1.000000000000000000e+03
1.926033890214797430e+04,1.398329355607711225e-02,1.000000000000000000e+03
1.927035083532219869e+04,2.432197873726677992e-02,1.000000000000000000e+03
1.928036276849642309e+04,5.793230635713288862e-02,1.000000000000000000e+03
1.929037470167064748e+04,5.312649164676259278e-02,1.000000000000000000e+03
1.930038663484487188e+04,1.692124105011647353e-02,1.000000000000000000e+03
1.931039856801909627e+04,5.202863961807452538e-03,1.000000000000000000e+03
1.932041050119332067e+04,-7.808635278799391094e-03,1.000000000000000000e+03
1.933042243436754507e+04,4.267303102635196417e-03,1.000000000000000000e+03
1.934043436754176582e+04,3.651985246257192369e-02,1.000000000000000000e+03
1.935044630071599022e+04,7.553699284009780801e-02,1.000000000000000000e+03
1.936045823389021461e+04,-1.875027120850559711e-02,1.000000000000000000e+03
1.937047016706443901e+04,8.555001084833663977e-03,1.000000000000000000e+03
1.938048210023866341e+04,1.000000000000000021e-02,1.000000000000000000e+03
1.939049403341288780e+04,2.698806682577559873e-02,1.000000000000000000e+03
1.940050596658711220e+04,1.298806682577560712e-02,1.000000000000000000e+03
1.941051789976133659e+04,2.901750198886172104e-03,1.000000000000000000e+03
1.942052983293556099e+04,4.570883054892693059e-02,1.000000000000000000e+03
1.943054176610978539e+04,6.345823389021461314e-02,1.000000000000000000e+03
1.944055369928400978e+04,4.209155999110730795e-04,1.000000000000000000e+03
1.945056563245823418e+04,-4.000000000000000083e-02,1.000000000000000000e+03
1.946057756563245857e+04,-2.626730310262428286e-02,1.000000000000000000e+03
1.947058949880668297e+04,-2.376849642004890545e-02,1.000000000000000000e+03
1.948060143198090736e+04,-3.163376003471388143e-02,1.000000000000000000e+03
1.949061336515513176e+04,-9.159904534604721565e-03,1.000000000000000000e+03
1.950062529832935616e+04,6.704274246039858276e-03,1.000000000000000000e+03
1.951063723150358055e+04,0.000000000000000000e+00,1.000000000000000000e+03
1.952064916467780495e+04,-1.154415274463463197e-02,1.000000000000000000e+03
1.953066109785202934e+04,-5.671121718376526122e-02,1.000000000000000000e+03
1.954067303102625374e+04,5.817422434365653733e-03,1.000000000000000000e+03
1.955068496420047813e+04,-1.921241050119533444e-02,1.000000000000000000e+03
1.956069689737470253e+04,-2.000000000000000042e-02,1.000000000000000000e+03
1.957070883054892693e+04,9.126491646780778705e-03,1.000000000000000000e+03
1.958072076372315132e+04,-3.418528965068783065e-02,1.000000000000000000e+03
1.959073269689737572e+04,-8.244738554997389779e-03,1.000000000000000000e+03
1.960074463007160011e+04,0.000000000000000000e+00,1.000000000000000000e+03
1.961075656324582451e+04,-7.051421132567735860e-03,1.000000000000000000e+03
1.962076849642004890e+04,3.536992840097809981e-03,1.000000000000000000e+03
1.963078042959427330e+04,3.835973096115181252e-03,1.000000000000000000e+03
1.964079236276849770e+04,-2.316945107399078635e-02,1.000000000000000000e+03
1.965080429594272209e+04,-1.361683662399048797e-02,1.000000000000000000e+03
1.966081622911694649e+04,2.444868735083946532e-02,1.000000000000000000e+03
1.967082816229117088e+04,2.244304621392406024e-02,1.000000000000000000e+03
1.968084009546539528e+04,1.396398351052828904e-02,1.000000000000000000e+03
1.969085202863961604e+04,3.429594272076792738e-02,1.000000000000000000e+03
1.970086396181384043e+04,1.427207637231913545e-02,1.000000000000000000e+03
1.971087589498806483e+04,0.000000000000000000e+00,1.000000000000000000e+03
1.972088782816228922e+04,-1.775656324578449210e-03,1.000000000000000000e+03
1.973089976133651362e+04,-1.910023866348637897e-02,1.000000000000000000e+03
1.974091169451073802e+04,-9.171186808419985043e-03,1.000000000000000000e+03
1.975092362768496241e+04,-6.942937730689859033e-05,1.000000000000000000e+03
1.976093556085918681e+04,-9.032328053806189597e-03,1.000000000000000000e+03
1.977094749403341120e+04,2.578997613364480967e-02,1.000000000000000000e+03
1.978095942720763560e+04,2.999999999999999889e-02,1.000000000000000000e+03
1.979097136038185999e+04,2.999999999999999889e-02,1.000000000000000000e+03
1.980098329355608439e+04,9.698416142385792027e-04,1.000000000000000000e+03
1.981099522673030879e+04,1.098568019092636093e-02,1.000000000000000000e+03
1.982100715990453318e+04,8.895638967276880971e-04,1.000000000000000000e+03
1.983101909307875758e+04,-2.203818615751515497e-02,1.000000000000000000e+03
1.984103102625298197e+04,-3.548275113907452261e-02,1.000000000000000000e+03
1.985104295942720637e+04,-1.707745714906195450e-02,1.000000000000000000e+03
1.986105489260143077e+04,5.945107398569234730e-03,1.000000000000000000e+03
1.987106682577565516e+04,4.066825775655161235e-03,1.000000000000000000e+03
1.988107875894987956e+04,3.202068416867404933e-03,1.000000000000000000e+03
1.989109069212410395e+04,-7.909307875896047502e-03,1.000000000000000000e+03
1.990110262529832835e+04,4.205250596656696926e-03,1.000000000000000000e+03
1.991111455847255274e+04,2.845823389021097383e-02,1.000000000000000000e+03
1.992112649164677714e+04,4.759546539380001690e-02,1.000000000000000000e+03
1.993113842482100154e+04,-9.446300715993857441e-03,1.000000000000000000e+03
1.994115035799522593e+04,2.984964200477406571e-02,1.000000000000000000e+03
1.995116229116945033e+04,1.985246257322697411e-02,1.000000000000000000e+03
1.996117422434367472e+04,1.075070514211388939e-02,1.000000000000000000e+03
1.997118615751789912e+04,-6.702104577998397802e-03,1.000000000000000000e+03
1.998119809069212351e+04,-1.801909307876485566e-03,1.000000000000000000e+03
1.999121002386634791e+04,-2.239097418094884370e-02,1.000000000000000000e+03
2.000122195704057231e+04,-2.277804295942769536e-02,1.000000000000000000e+03
2.001123389021479670e+04,-1.342373616836663522e-02,1.000000000000000000e+03
2.002124582338902110e+04,1.271208505098580903e-02,1.000000000000000000e+03
2.003125775656324549e+04,8.968973747018025439e-03,1.000000000000000000e+03
2.004126968973746989e+04,-1.000000000000000021e-02,1.000000000000000000e+03
2.005128162291169428e+04,-2.760540970564762109e-02,1.000000000000000000e+03
2.006129355608591868e+04,-4.011933174224396187e-02,1.000000000000000000e+03
2.007130548926014308e+04,-1.338902147971384599e-02,1.000000000000000000e+03
2.008131742243436747e+04,-6.634844868734945077e-03,1.000000000000000000e+03
2.009132935560859187e+04,-1.722553699284010836e-02,1.000000000000000000e+03
2.010134128878281626e+04,-1.536515513126505625e-02,1.000000000000000000e+03
2.011135322195704066e+04,-3.917422434367472811e-02,1.000000000000000000e+03
2.012136515513126506e+04,2.751789976133626331e-02,1.000000000000000000e+03
2.013137708830548945e+04,1.000000000000000021e-02,1.000000000000000000e+03
2.014138902147971385e+04,1.000000000000000021e-02,1.000000000000000000e+03
2.015140095465393824e+04,5.990453460617568143e-04,1.000000000000000000e+03
2.016141288782816264e+04,-8.557170752875126185e-03,1.000000000000000000e+03
2.017142482100238703e+04,6.849642004774067830e-03,1.000000000000000000e+03
2.018143675417661143e+04,-2.067910609676883865e-02,1.000000000000000000e+03
2.019144868735083583e+04,-1.645693208938940610e-02,1.000000000000000000e+03
2.020146062052506022e+04,-2.292124105012044097e-02,1.000000000000000000e+03
2.021147255369928462e+04,-1.058233890214614614e-02,1.000000000000000000e+03
2.022148448687350901e+04,-5.403739061257511501e-03,1.000000000000000000e+03
2.023149642004773341e+04,-1.000000000000000021e-02,1.000000000000000000e+03
2.024150835322195780e+04,-9.832935560843900080e-04,1.000000000000000000e+03
2.025152028639618220e+04,1.000000000000000021e-02,1.000000000000000000e+03
2.026153221957040660e+04,1.000000000000000021e-02,1.000000000000000000e+03
2.027154415274463099e+04,4.911694510738016418e-03,1.000000000000000000e+03
2.028155608591885539e+04,-2.331742243433836820e-03,1.000000000000000000e+03
2.029156801909307978e+04,2.466912562378142590e-02,1.000000000000000000e+03
2.030157995226730418e+04,4.287264048600759880e-02,1.000000000000000000e+03
2.031159188544152858e+04,5.999999999999999778e-02,1.000000000000000000e+03
2.032160381861575297e+04,5.945107398567911483e-02,1.000000000000000000e+03
2.033161575178997737e+04,5.034931655456603705e-02,1.000000000000000000e+03
2.034162768496420176e+04,1.148926014319295169e-02,1.000000000000000000e+03
2.035163961813842616e+04,-7.526578433502106522e-03,1.000000000000000000e+03
2.036165155131265055e+04,1.359513994359241688e-02,1.000000000000000000e+03
2.037166348448687495e+04,2.000000000000000042e-02,1.000000000000000000e+03
2.038167541766109935e+04,2.767541766109934270e-02,1.000000000000000000e+03
2.039168735083532374e+04,4.921837708830935354e-02,1.000000000000000000e+03
2.040169928400954814e+04,5.430071599045186576e-02,1.000000000000000000e+03
2.041171121718377253e+04,2.715513126490987084e-02,1.000000000000000000e+03
2.042172315035799693e+04,-7.169451073990784282e-03,1.000000000000000000e+03
2.043173508353222132e+04,8.675417661106622075e-03,1.000000000000000000e+03
2.044174701670644572e+04,2.126491646777139977e-02,1.000000000000000000e+03
2.045175894988067012e+04,8.794749403350577907e-03,1.000000000000000000e+03
2.046177088305489451e+04,2.971577348665133123e-02,1.000000000000000000e+03
2.047178281622911891e+04,1.000000000000000021e-02,1.000000000000000000e+03
2.048179474940334330e+04,1.538424821002990980e-02,1.000000000000000000e+03
2.049180668257756770e+04,4.000000000000000083e-02,1.000000000000000000e+03
2.050181861575179209e+04,3.754415274462371416e-02,1.000000000000000000e+03
2.051183054892601649e+04,8.338902147967019313e-03,1.000000000000000000e+03
2.052184248210024089e+04,-1.210620525060221615e-02,1.000000000000000000e+03
2.053185441527446528e+04,-3.713603818616320607e-02,1.000000000000000000e+03
2.054186634844868968e+04,-4.000000000000000083e-02,1.000000000000000000e+03
2.055187828162291407e+04,4.391408114570366505e-03,1.000000000000000000e+03
2.056189021479713847e+04,1.000000000000000021e-02,1.000000000000000000e+03
2.057190214797136287e+04,2.483691328560477113e-02,1.000000000000000000e+03
2.058191408114558726e+04,2.999999999999999889e-02,1.000000000000000000e+03
2.059192601431981166e+04,2.999999999999999889e-02,1.000000000000000000e+03
2.060193794749403605e+04,2.369277500542176992e-02,1.000000000000000000e+03
2.061194988066826045e+04,2.000000000000000042e-02,1.000000000000000000e+03
2.062196181384248484e+04,1.503818615751515569e-02,1.000000000000000000e+03
2.063197374701670924e+04,1.000000000000000021e-02,1.000000000000000000e+03
2.064198568019093364e+04,2.195704057280090798e-02,1.000000000000000000e+03
2.065199761336515803e+04,1.819483619004710548e-02,1.000000000000000000e+03
2.066200954653938243e+04,-9.056194402245721156e-03,1.000000000000000000e+03
2.067202147971360682e+04,1.191408114557270838e-02,1.000000000000000000e+03
2.068203341288783122e+04,-2.000000000000000042e-02,1.000000000000000000e+03
2.069204534606205561e+04,-1.659108989657397809e-02,1.000000000000000000e+03
2.070205727923628001e+04,0.000000000000000000e+00,1.000000000000000000e+03
2.071206921241050441e+04,1.384248210088117183e-04,1.000000000000000000e+03
2.072208114558472880e+04,2.014753742677963949e-02,1.000000000000000000e+03
2.073209307875895320e+04,3.835105228900581587e-02,1.000000000000000000e+03
2.074210501193317759e+04,6.890865697536024959e-03,1.000000000000000000e+03
2.075211694510739835e+04,0.000000000000000000e+00,1.000000000000000000e+03
2.076212887828162275e+04,-1.625775656324549359e-02,1.000000000000000000e+03
2.077214081145584714e+04,-1.259926231286623462e-02,1.000000000000000000e+03
2.078215274463007154e+04,-1.000000000000000021e-02,1.000000000000000000e+03
2.079216467780429593e+04,-1.000000000000000021e-02,1.000000000000000000e+03
2.080217661097852033e+04,-4.384899110436064201e-03,1.000000000000000000e+03
2.081218854415274473e+04,0.000000000000000000e+00,1.000000000000000000e+03
2.082220047732696912e+04,9.455413321762038206e-03,1.000000000000000000e+03
2.083221241050119352e+04,2.000000000000000042e-02,1.000000000000000000e+03
2.084222434367541791e+04,1.355131264916417493e-02,1.000000000000000000e+03
2.085223627684964231e+04,6.472553699284617872e-03,1.000000000000000000e+03
2.086224821002386670e+04,1.704708179648481425e-02,1.000000000000000000e+03
2.087226014319809110e+04,-2.328053807769637704e-03,1.000000000000000000e+03
2.088227207637231550e+04,-4.872792362768450791e-02,1.000000000000000000e+03
2.089228400954653989e+04,-4.000000000000000083e-02,1.000000000000000000e+03
2.090229594272076429e+04,-4.000000000000000083e-02,1.000000000000000000e+03
2.091230787589498868e+04,-4.000000000000000083e-02,1.000000000000000000e+03
2.092231980906921308e+04,2.523866348449155944e-02,1.000000000000000000e+03
2.093233174224343747e+04,2.999999999999999889e-02,1.000000000000000000e+03
2.094234367541766187e+04,-3.977001518770437172e-03,1.000000000000000000e+03
2.095235560859188627e+04,2.798003905402848823e-02,1.000000000000000000e+03
2.096236754176611066e+04,4.000000000000000083e-02,1.000000000000000000e+03
2.097237947494033506e+04,2.658277283575444239e-02,1.000000000000000000e+03
2.098239140811455945e+04,7.113126491647563110e-02,1.000000000000000000e+03
2.099240334128878385e+04,7.089390323280068962e-02,1.000000000000000000e+03
2.100241527446300825e+04,5.541527446300824333e-02,1.000000000000000000e+03
2.101242720763723264e+04,1.559557387718748384e-02,1.000000000000000000e+03
2.102243914081145704e+04,-2.556085918854296424e-02,1.000000000000000000e+03
2.103245107398568143e+04,-3.814276415703882900e-03,1.000000000000000000e+03
2.104246300715990583e+04,2.314818832718711777e-02,1.000000000000000000e+03
2.105247494033413022e+04,2.752505966586977354e-02,1.000000000000000000e+03
2.106248687350835462e+04,2.746062052506385853e-02,1.000000000000000000e+03
2.107249880668257902e+04,3.750596658710492193e-02,1.000000000000000000e+03
2.108251073985680341e+04,-1.000000000000000021e-02,1.000000000000000000e+03
2.109252267303102781e+04,-9.477326968972193608e-03,1.000000000000000000e+03
2.110253460620525220e+04,4.860056411383663214e-04,1.000000000000000000e+03
2.111254653937947296e+04,9.587763072248145849e-03,1.000000000000000000e+03
2.112255847255369736e+04,1.000000000000000021e-02,1.000000000000000000e+03
2.113257040572792175e+04,1.857040572792175229e-02,1.000000000000000000e+03
2.114258233890214615e+04,-3.149403341287689007e-02,1.000000000000000000e+03
2.115259427207637054e+04,-1.656107615535306471e-02,1.000000000000000000e+03
2.116260620525059494e+04,1.074419613798619812e-02,1.000000000000000000e+03
2.117261813842481934e+04,2.661813842481933548e-02,1.000000000000000000e+03
2.118263007159904373e+04,5.890648730750066425e-03,1.000000000000000000e+03
2.119264200477326813e+04,6.926014319804380329e-03,1.000000000000000000e+03
2.120265393794749252e+04,-1.083966153177739339e-02,1.000000000000000000e+03
2.121266587112171692e+04,-1.454979388154408262e-02,1.000000000000000000e+03
2.122267780429594131e+04,8.966587112176058194e-03,1.000000000000000000e+03
2.123268973747016571e+04,-1.368973747016571062e-02,1.000000000000000000e+03
2.124270167064439011e+04,-2.925417661097526323e-02,1.000000000000000000e+03
2.125271360381861450e+04,-4.828639618138549916e-02,1.000000000000000000e+03
2.126272553699283890e+04,-3.827446300716109973e-02,1.000000000000000000e+03
2.127273747016706329e+04,-2.999999999999999889e-02,1.000000000000000000e+03
2.128274940334128769e+04,-3.136255152961398007e-02,1.000000000000000000e+03
2.129276133651551208e+04,-4.956606639184015645e-02,1.000000000000000000e+03
2.130277326968973648e+04,-2.068019093079056028e-02,1.000000000000000000e+03
2.131278520286396088e+04,-6.447819483618580372e-02,1.000000000000000000e+03
2.132279713603818527e+04,-7.879713603818527812e-02,1.000000000000000000e+03
2.133280906921240967e+04,-3.995877630722877855e-02,1.000000000000000000e+03
2.134282100238663406e+04,-2.999999999999999889e-02,1.000000000000000000e+03
2.135283293556085846e+04,-1.633412887828308152e-02,1.000000000000000000e+03
2.136284486873508285e+04,-2.368973747016570736e-02,1.000000000000000000e+03
2.137285680190930725e+04,-1.753308743762318003e-02,1.000000000000000000e+03
2.138286873508353165e+04,6.005641136904488545e-03,1.000000000000000000e+03
2.139288066825775604e+04,2.000000000000000042e-02,1.000000000000000000e+03
2.140289260143198044e+04,2.978520286396087874e-02,1.000000000000000000e+03
2.141290453460620483e+04,4.000000000000000083e-02,1.000000000000000000e+03
2.142291646778042923e+04,2.541766109785385114e-02,1.000000000000000000e+03
2.143292840095465363e+04,-1.585680190930725125e-02,1.000000000000000000e+03
2.144294033412887802e+04,-2.465393794749450723e-02,1.000000000000000000e+03
2.145295226730310242e+04,-1.887394228682916925e-02,1.000000000000000000e+03
2.146296420047732681e+04,-5.517899761336593489e-02,1.000000000000000000e+03
2.147297613365155121e+04,-6.450423085268332593e-03,1.000000000000000000e+03
2.148298806682577560e+04,2.995660663918401495e-02,1.000000000000000000e+03
2.149300000000000000e+04,4.000000000000000083e-02,1.000000000000000000e+03
