8908.000000,1000.000000,0.070000,100.000000
8919.000000,1000.000000,0.010000,90.000000
8929.000000,1000.000000,0.030000,100.000000
8940.000000,1000.000000,-0.010000,90.000000
8950.000000,1000.000000,0.030000,100.000000
8961.000000,1000.000000,-0.040000,90.000000
8972.000000,1000.000000,-0.040000,90.000000
8982.000000,1000.000000,0.050000,100.000000
8992.000000,1000.000000,-0.000000,100.000000
9004.000000,1000.000000,0.010000,83.000000
9014.000000,1000.000000,0.060000,100.000000
9024.000000,1000.000000,0.040000,100.000000
9035.000000,1000.000000,0.040000,90.000000
9046.000000,1000.000000,0.030000,90.000000
9056.000000,1000.000000,0.010000,100.000000
9067.000000,1000.000000,0.070000,90.000000
9077.000000,1000.000000,0.020000,100.000000
9088.000000,1000.000000,0.030000,90.000000
9099.000000,1000.000000,0.020000,90.000000
9109.000000,1000.000000,-0.030000,100.000000
9119.000000,1000.000000,-0.000000,100.000000
9131.000000,1000.000000,-0.020000,83.000000
9141.000000,1000.000000,0.020000,100.000000
9151.000000,1000.000000,-0.020000,100.000000
9162.000000,1000.000000,-0.010000,90.000000
9172.000000,1000.000000,0.010000,100.000000
9183.000000,1000.000000,0.000000,90.000000
9194.000000,1000.000000,0.020000,90.000000
9204.000000,1000.000000,0.020000,100.000000
9214.000000,1000.000000,-0.020000,100.000000
9226.000000,1000.000000,0.010000,83.000000
9236.000000,1000.000000,-0.020000,100.000000
9246.000000,1000.000000,0.020000,100.000000
9257.000000,1000.000000,0.020000,90.000000
9268.000000,1000.000000,0.030000,90.000000
9278.000000,1000.000000,0.080000,100.000000
9288.000000,1000.000000,0.070000,100.000000
9299.000000,1000.000000,0.060000,90.000000
9310.000000,1000.000000,0.070000,90.000000
9320.000000,1000.000000,0.020000,100.000000
9331.000000,1000.000000,0.000000,90.000000
9341.000000,1000.000000,-0.010000,100.000000
9352.000000,1000.000000,0.040000,90.000000
9363.000000,1000.000000,0.000000,90.000000
9373.000000,1000.000000,0.010000,100.000000
9383.000000,1000.000000,0.030000,100.000000
9395.000000,1000.000000,-0.030000,83.000000
9405.000000,1000.000000,-0.040000,100.000000
9415.000000,1000.000000,-0.000000,100.000000
9426.000000,1000.000000,-0.010000,90.000000
9437.000000,1000.000000,-0.000000,90.000000
9447.000000,1000.000000,0.030000,100.000000
9458.000000,1000.000000,0.010000,90.000000
9468.000000,1000.000000,0.040000,100.000000
9479.000000,1000.000000,0.020000,90.000000
9490.000000,1000.000000,0.030000,90.000000
9500.000000,1000.000000,0.020000,100.000000
9510.000000,1000.000000,0.030000,100.000000
9522.000000,1000.000000,-0.020000,83.000000
9532.000000,1000.000000,-0.000000,100.000000
9542.000000,1000.000000,-0.020000,100.000000
9553.000000,1000.000000,0.020000,90.000000
9564.000000,1000.000000,0.020000,90.000000
9574.000000,1000.000000,0.040000,100.000000
9584.000000,1000.000000,-0.020000,100.000000
9595.000000,1000.000000,0.040000,90.000000
9606.000000,1000.000000,0.020000,90.000000
9616.000000,1000.000000,-0.020000,100.000000
9627.000000,1000.000000,0.030000,90.000000
9637.000000,1000.000000,-0.010000,100.000000
9648.000000,1000.000000,-0.010000,90.000000
9659.000000,1000.000000,0.060000,90.000000
9669.000000,1000.000000,0.010000,100.000000
9679.000000,1000.000000,-0.010000,100.000000
9691.000000,1000.000000,0.010000,83.000000
9701.000000,1000.000000,-0.020000,100.000000
9711.000000,1000.000000,-0.030000,100.000000
9722.000000,1000.000000,-0.030000,90.000000
9733.000000,1000.000000,0.010000,90.000000
9743.000000,1000.000000,0.020000,100.000000
9754.000000,1000.000000,-0.010000,90.000000
9764.000000,1000.000000,-0.030000,100.000000
9775.000000,1000.000000,0.030000,90.000000
9786.000000,1000.000000,0.030000,90.000000
9796.000000,1000.000000,0.020000,100.000000
9806.000000,1000.000000,-0.000000,100.000000
9818.000000,1000.000000,0.020000,83.000000
9828.000000,1000.000000,0.010000,100.000000
9838.000000,1000.000000,0.040000,100.000000
9849.000000,1000.000000,0.000000,90.000000
9860.000000,1000.000000,-0.020000,90.000000
9870.000000,1000.000000,0.030000,100.000000
9881.000000,1000.000000,-0.000000,90.000000
9891.000000,1000.000000,0.020000,100.000000
9902.000000,1000.000000,-0.000000,90.000000
9912.000000,1000.000000,0.020000,100.000000
9923.000000,1000.000000,0.030000,90.000000
9933.000000,1000.000000,0.060000,100.000000
9944.000000,1000.000000,0.040000,90.000000
9955.000000,1000.000000,0.050000,90.000000
9965.000000,1000.000000,0.010000,100.000000
9975.000000,1000.000000,0.020000,100.000000
9987.000000,1000.000000,-0.000000,83.000000
9997.000000,1000.000000,0.080000,100.000000
10007.000000,1000.000000,0.040000,100.000000
10018.000000,1000.000000,0.020000,90.000000
10029.000000,1000.000000,0.000000,90.000000
10039.000000,1000.000000,0.030000,100.000000
10050.000000,1000.000000,-0.040000,90.000000
10060.000000,1000.000000,-0.020000,100.000000
10072.000000,1000.000000,-0.010000,83.000000
10082.000000,1000.000000,0.010000,100.000000
10092.000000,1000.000000,-0.020000,100.000000
10103.000000,1000.000000,-0.050000,90.000000
10114.000000,1000.000000,-0.000000,90.000000
10124.000000,1000.000000,-0.000000,100.000000
10135.000000,1000.000000,-0.010000,90.000000
10145.000000,1000.000000,-0.020000,100.000000
10157.000000,1000.000000,-0.020000,83.000000
10167.000000,1000.000000,-0.050000,100.000000
10177.000000,1000.000000,-0.070000,100.000000
10188.000000,1000.000000,-0.070000,90.000000
10199.000000,1000.000000,-0.010000,90.000000
10209.000000,1000.000000,0.000000,100.000000
10220.000000,1000.000000,-0.020000,90.000000
10230.000000,1000.000000,-0.020000,100.000000
10242.000000,1000.000000,-0.030000,83.000000
10252.000000,1000.000000,-0.060000,100.000000
10262.000000,1000.000000,-0.020000,100.000000
10273.000000,1000.000000,-0.040000,90.000000
10284.000000,1000.000000,-0.060000,90.000000
10294.000000,1000.000000,-0.000000,100.000000
10305.000000,1000.000000,-0.050000,90.000000
10315.000000,1000.000000,0.010000,100.000000
10327.000000,1000.000000,-0.030000,83.000000
10337.000000,1000.000000,0.030000,100.000000
10347.000000,1000.000000,0.020000,100.000000
10358.000000,1000.000000,-0.000000,90.000000
10369.000000,1000.000000,0.000000,90.000000
10379.000000,1000.000000,0.010000,100.000000
10390.000000,1000.000000,0.000000,90.000000
10400.000000,1000.000000,0.060000,100.000000
10411.000000,1000.000000,0.040000,90.000000
10422.000000,1000.000000,0.040000,90.000000
10432.000000,1000.000000,-0.010000,100.000000
10443.000000,1000.000000,0.020000,90.000000
10454.000000,1000.000000,-0.010000,90.000000
10464.000000,1000.000000,-0.050000,100.000000
10475.000000,1000.000000,0.010000,90.000000
10485.000000,1000.000000,0.030000,100.000000
10496.000000,1000.000000,-0.010000,90.000000
10507.000000,1000.000000,0.040000,90.000000
10517.000000,1000.000000,0.060000,100.000000
10527.000000,1000.000000,-0.000000,100.000000
10539.000000,1000.000000,-0.020000,83.000000
10549.000000,1000.000000,-0.070000,100.000000
10560.000000,1000.000000,-0.070000,90.000000
10570.000000,1000.000000,-0.010000,100.000000
10580.000000,1000.000000,-0.060000,100.000000
10592.000000,1000.000000,-0.040000,83.000000
10602.000000,1000.000000,-0.030000,100.000000
10612.000000,1000.000000,-0.020000,100.000000
10624.000000,1000.000000,-0.000000,83.000000
10634.000000,1000.000000,-0.030000,100.000000
10645.000000,1000.000000,-0.030000,90.000000
10655.000000,1000.000000,-0.040000,100.000000
10665.000000,1000.000000,-0.050000,100.000000
10677.000000,1000.000000,-0.010000,83.000000
10687.000000,1000.000000,-0.010000,100.000000
10698.000000,1000.000000,-0.030000,90.000000
10708.000000,1000.000000,-0.060000,100.000000
10719.000000,1000.000000,-0.040000,90.000000
10730.000000,1000.000000,0.060000,90.000000
10740.000000,1000.000000,0.000000,100.000000
10750.000000,1000.000000,0.030000,100.000000
10762.000000,1000.000000,-0.020000,83.000000
10772.000000,1000.000000,-0.020000,100.000000
10782.000000,1000.000000,-0.020000,100.000000
10793.000000,1000.000000,0.070000,90.000000
10804.000000,1000.000000,0.020000,90.000000
10815.000000,1000.000000,-0.000000,90.000000
10825.000000,1000.000000,-0.010000,100.000000
10835.000000,1000.000000,0.010000,100.000000
10847.000000,1000.000000,0.020000,83.000000
10857.000000,1000.000000,0.010000,100.000000
10867.000000,1000.000000,0.030000,100.000000
10878.000000,1000.000000,0.010000,90.000000
10889.000000,1000.000000,0.020000,90.000000
10900.000000,1000.000000,0.010000,90.000000
10910.000000,1000.000000,0.030000,100.000000
10920.000000,1000.000000,0.000000,100.000000
10932.000000,1000.000000,-0.020000,83.000000
10942.000000,1000.000000,-0.000000,100.000000
10952.000000,1000.000000,0.010000,100.000000
10963.000000,1000.000000,-0.010000,90.000000
10974.000000,1000.000000,-0.050000,90.000000
10984.000000,1000.000000,-0.020000,100.000000
10995.000000,1000.000000,-0.000000,90.000000
11005.000000,1000.000000,0.030000,100.000000
11017.000000,1000.000000,-0.000000,83.000000
11027.000000,1000.000000,0.020000,100.000000
11037.000000,1000.000000,0.040000,100.000000
11048.000000,1000.000000,0.010000,90.000000
11059.000000,1000.000000,0.010000,90.000000
11069.000000,1000.000000,0.030000,100.000000
11080.000000,1000.000000,0.040000,90.000000
11090.000000,1000.000000,0.020000,100.000000
11102.000000,1000.000000,0.030000,83.000000
11112.000000,1000.000000,-0.040000,100.000000
11122.000000,1000.000000,-0.040000,100.000000
11133.000000,1000.000000,-0.050000,90.000000
11144.000000,1000.000000,-0.050000,90.000000
11154.000000,1000.000000,-0.070000,100.000000
11165.000000,1000.000000,-0.020000,90.000000
11175.000000,1000.000000,0.030000,100.000000
11187.000000,1000.000000,0.040000,83.000000
11197.000000,1000.000000,0.020000,100.000000
11207.000000,1000.000000,-0.010000,100.000000
11218.000000,1000.000000,-0.020000,90.000000
11229.000000,1000.000000,0.010000,90.000000
11239.000000,1000.000000,0.010000,100.000000
11250.000000,1000.000000,-0.000000,90.000000
11260.000000,1000.000000,-0.010000,100.000000
11271.000000,1000.000000,-0.030000,90.000000
11282.000000,1000.000000,0.030000,90.000000
11292.000000,1000.000000,0.010000,100.000000
11303.000000,1000.000000,0.040000,90.000000
11314.000000,1000.000000,0.060000,90.000000
11324.000000,1000.000000,0.060000,100.000000
11335.000000,1000.000000,0.020000,90.000000
11345.000000,1000.000000,-0.000000,100.000000
11356.000000,1000.000000,0.020000,90.000000
11367.000000,1000.000000,-0.010000,90.000000
11377.000000,1000.000000,0.010000,100.000000
11387.000000,1000.000000,0.020000,100.000000
11399.000000,1000.000000,-0.030000,83.000000
11409.000000,1000.000000,-0.050000,100.000000
11420.000000,1000.000000,-0.060000,90.000000
11430.000000,1000.000000,0.030000,100.000000
11441.000000,1000.000000,0.010000,90.000000
11452.000000,1000.000000,0.000000,90.000000
11462.000000,1000.000000,-0.000000,100.000000
11472.000000,1000.000000,0.010000,100.000000
11484.000000,1000.000000,-0.030000,83.000000
11494.000000,1000.000000,-0.000000,100.000000
11505.000000,1000.000000,-0.010000,90.000000
11515.000000,1000.000000,-0.020000,100.000000
11526.000000,1000.000000,0.020000,90.000000
11537.000000,1000.000000,0.010000,90.000000
11547.000000,1000.000000,0.000000,100.000000
11557.000000,1000.000000,0.020000,100.000000
11569.000000,1000.000000,0.070000,83.000000
11579.000000,1000.000000,0.070000,100.000000
11589.000000,1000.000000,0.060000,100.000000
11600.000000,1000.000000,0.070000,90.000000
11611.000000,1000.000000,0.060000,90.000000
11622.000000,1000.000000,0.010000,90.000000
11632.000000,1000.000000,0.060000,100.000000
11642.000000,1000.000000,0.040000,100.000000
11654.000000,1000.000000,0.050000,83.000000
11664.000000,1000.000000,-0.020000,100.000000
11674.000000,1000.000000,-0.010000,100.000000
11685.000000,1000.000000,-0.000000,90.000000
11696.000000,1000.000000,0.010000,90.000000
11707.000000,1000.000000,0.030000,90.000000
11717.000000,1000.000000,0.060000,100.000000
11727.000000,1000.000000,-0.010000,100.000000
11739.000000,1000.000000,0.060000,83.000000
11749.000000,1000.000000,0.070000,100.000000
11759.000000,1000.000000,0.010000,100.000000
11770.000000,1000.000000,0.020000,90.000000
11781.000000,1000.000000,-0.010000,90.000000
11792.000000,1000.000000,0.020000,90.000000
11802.000000,1000.000000,0.030000,100.000000
11812.000000,1000.000000,-0.000000,100.000000
11824.000000,1000.000000,0.020000,83.000000
11834.000000,1000.000000,0.020000,100.000000
11844.000000,1000.000000,0.030000,100.000000
11855.000000,1000.000000,0.060000,90.000000
11866.000000,1000.000000,0.070000,90.000000
11876.000000,1000.000000,0.040000,100.000000
11887.000000,1000.000000,-0.040000,90.000000
11897.000000,1000.000000,-0.020000,100.000000
11909.000000,1000.000000,-0.000000,83.000000
11919.000000,1000.000000,-0.040000,100.000000
11929.000000,1000.000000,-0.040000,100.000000
11940.000000,1000.000000,-0.010000,90.000000
11951.000000,1000.000000,-0.000000,90.000000
11961.000000,1000.000000,0.000000,100.000000
11972.000000,1000.000000,0.000000,90.000000
11982.000000,1000.000000,0.000000,100.000000
11993.000000,1000.000000,-0.010000,90.000000
12004.000000,1000.000000,0.040000,90.000000
12014.000000,1000.000000,0.020000,100.000000
12025.000000,1000.000000,0.020000,90.000000
12036.000000,1000.000000,0.010000,90.000000
12046.000000,1000.000000,0.000000,100.000000
12057.000000,1000.000000,-0.020000,90.000000
12067.000000,1000.000000,-0.080000,100.000000
12078.000000,1000.000000,-0.040000,90.000000
12089.000000,1000.000000,-0.020000,90.000000
12099.000000,1000.000000,-0.050000,100.000000
12109.000000,1000.000000,-0.050000,100.000000
12121.000000,1000.000000,-0.040000,83.000000
12131.000000,1000.000000,-0.020000,100.000000
12142.000000,1000.000000,0.020000,90.000000
12152.000000,1000.000000,-0.010000,100.000000
12163.000000,1000.000000,-0.020000,90.000000
12174.000000,1000.000000,-0.030000,90.000000
12184.000000,1000.000000,-0.010000,100.000000
12194.000000,1000.000000,-0.000000,100.000000
12206.000000,1000.000000,0.030000,83.000000
12216.000000,1000.000000,-0.020000,100.000000
12227.000000,1000.000000,-0.030000,90.000000
12237.000000,1000.000000,-0.020000,100.000000
12248.000000,1000.000000,-0.040000,90.000000
12259.000000,1000.000000,0.020000,90.000000
12269.000000,1000.000000,0.010000,100.000000
12279.000000,1000.000000,0.020000,100.000000
12291.000000,1000.000000,-0.000000,83.000000
12301.000000,1000.000000,-0.060000,100.000000
12312.000000,1000.000000,-0.030000,90.000000
12322.000000,1000.000000,-0.000000,100.000000
12333.000000,1000.000000,0.020000,90.000000
12344.000000,1000.000000,-0.030000,90.000000
12354.000000,1000.000000,0.010000,100.000000
12364.000000,1000.000000,0.010000,100.000000
12376.000000,1000.000000,0.040000,83.000000
12386.000000,1000.000000,0.000000,100.000000
12396.000000,1000.000000,-0.030000,100.000000
12407.000000,1000.000000,0.010000,90.000000
12418.000000,1000.000000,0.030000,90.000000
12429.000000,1000.000000,0.040000,90.000000
12439.000000,1000.000000,-0.010000,100.000000
12449.000000,1000.000000,0.030000,100.000000
12461.000000,1000.000000,0.020000,83.000000
12471.000000,1000.000000,-0.010000,100.000000
12481.000000,1000.000000,0.010000,100.000000
12492.000000,1000.000000,-0.030000,90.000000
12503.000000,1000.000000,-0.060000,90.000000
12514.000000,1000.000000,-0.030000,90.000000
12524.000000,1000.000000,-0.020000,100.000000
12534.000000,1000.000000,-0.040000,100.000000
12546.000000,1000.000000,-0.010000,83.000000
12556.000000,1000.000000,-0.000000,100.000000
12566.000000,1000.000000,-0.020000,100.000000
12577.000000,1000.000000,-0.050000,90.000000
12588.000000,1000.000000,0.010000,90.000000
12599.000000,1000.000000,-0.030000,90.000000
12609.000000,1000.000000,0.040000,100.000000
12619.000000,1000.000000,0.020000,100.000000
12631.000000,1000.000000,0.040000,83.000000
12641.000000,1000.000000,0.080000,100.000000
12651.000000,1000.000000,0.020000,100.000000
12662.000000,1000.000000,-0.010000,90.000000
12673.000000,1000.000000,0.000000,90.000000
12683.000000,1000.000000,-0.020000,100.000000
12694.000000,1000.000000,-0.040000,90.000000
12704.000000,1000.000000,0.010000,100.000000
12716.000000,1000.000000,-0.010000,83.000000
12726.000000,1000.000000,0.020000,100.000000
12736.000000,1000.000000,-0.010000,100.000000
12747.000000,1000.000000,0.020000,90.000000
12758.000000,1000.000000,0.000000,90.000000
12768.000000,1000.000000,-0.030000,100.000000
12779.000000,1000.000000,0.010000,90.000000
12789.000000,1000.000000,-0.000000,100.000000
12801.000000,1000.000000,0.060000,83.000000
12811.000000,1000.000000,0.070000,100.000000
12821.000000,1000.000000,0.030000,100.000000
12832.000000,1000.000000,0.020000,90.000000
12843.000000,1000.000000,0.040000,90.000000
12853.000000,1000.000000,-0.010000,100.000000
12864.000000,1000.000000,-0.040000,90.000000
12874.000000,1000.000000,-0.040000,100.000000
12886.000000,1000.000000,0.040000,83.000000
12896.000000,1000.000000,0.000000,100.000000
12906.000000,1000.000000,0.020000,100.000000
12917.000000,1000.000000,-0.020000,90.000000
12928.000000,1000.000000,-0.000000,90.000000
12938.000000,1000.000000,-0.010000,100.000000
12949.000000,1000.000000,-0.010000,90.000000
12959.000000,1000.000000,-0.000000,100.000000
12969.000000,1000.000000,0.000000,100.000000
12981.000000,1000.000000,0.020000,83.000000
12991.000000,1000.000000,0.020000,100.000000
13002.000000,1000.000000,0.020000,90.000000
13012.000000,1000.000000,0.010000,100.000000
13023.000000,1000.000000,-0.010000,90.000000
13034.000000,1000.000000,-0.000000,90.000000
13044.000000,1000.000000,-0.020000,100.000000
13054.000000,1000.000000,-0.020000,100.000000
13066.000000,1000.000000,-0.010000,83.000000
13076.000000,1000.000000,-0.030000,100.000000
13087.000000,1000.000000,-0.050000,90.000000
13097.000000,1000.000000,-0.030000,100.000000
13108.000000,1000.000000,-0.020000,90.000000
13119.000000,1000.000000,-0.010000,90.000000
13129.000000,1000.000000,-0.010000,100.000000
13139.000000,1000.000000,0.010000,100.000000
13151.000000,1000.000000,-0.020000,83.000000
13161.000000,1000.000000,-0.000000,100.000000
13172.000000,1000.000000,-0.030000,90.000000
13182.000000,1000.000000,0.020000,100.000000
13193.000000,1000.000000,0.020000,90.000000
13204.000000,1000.000000,0.010000,90.000000
13214.000000,1000.000000,0.050000,100.000000
13224.000000,1000.000000,0.030000,100.000000
13236.000000,1000.000000,0.030000,83.000000
13246.000000,1000.000000,-0.020000,100.000000
13256.000000,1000.000000,-0.010000,100.000000
13267.000000,1000.000000,-0.000000,90.000000
13278.000000,1000.000000,0.000000,90.000000
13289.000000,1000.000000,-0.030000,90.000000
13299.000000,1000.000000,0.020000,100.000000
13309.000000,1000.000000,0.020000,100.000000
13321.000000,1000.000000,0.020000,83.000000
13331.000000,1000.000000,0.050000,100.000000
13341.000000,1000.000000,0.040000,100.000000
13352.000000,1000.000000,0.000000,90.000000
13363.000000,1000.000000,0.030000,90.000000
13374.000000,1000.000000,0.050000,90.000000
13384.000000,1000.000000,0.020000,100.000000
13394.000000,1000.000000,0.040000,100.000000
13406.000000,1000.000000,0.060000,83.000000
13416.000000,1000.000000,-0.000000,100.000000
13426.000000,1000.000000,-0.030000,100.000000
13437.000000,1000.000000,0.030000,90.000000
13448.000000,1000.000000,-0.010000,90.000000
13459.000000,1000.000000,0.010000,90.000000
13469.000000,1000.000000,0.020000,100.000000
13479.000000,1000.000000,0.010000,100.000000
13491.000000,1000.000000,-0.000000,83.000000
13501.000000,1000.000000,0.040000,100.000000
13511.000000,1000.000000,0.040000,100.000000
13522.000000,1000.000000,0.020000,90.000000
13533.000000,1000.000000,0.020000,90.000000
13543.000000,1000.000000,-0.010000,100.000000
13554.000000,1000.000000,-0.010000,90.000000
13564.000000,1000.000000,-0.040000,100.000000
13576.000000,1000.000000,-0.030000,83.000000
13586.000000,1000.000000,-0.020000,100.000000
13596.000000,1000.000000,-0.010000,100.000000
13607.000000,1000.000000,0.010000,90.000000
13618.000000,1000.000000,0.020000,90.000000
13628.000000,1000.000000,-0.030000,100.000000
13639.000000,1000.000000,-0.030000,90.000000
13649.000000,1000.000000,0.010000,100.000000
13661.000000,1000.000000,0.040000,83.000000
13671.000000,1000.000000,0.050000,100.000000
13681.000000,1000.000000,0.020000,100.000000
13692.000000,1000.000000,-0.030000,90.000000
13703.000000,1000.000000,-0.070000,90.000000
13713.000000,1000.000000,-0.030000,100.000000
13724.000000,1000.000000,-0.010000,90.000000
13734.000000,1000.000000,-0.010000,100.000000
13746.000000,1000.000000,0.020000,83.000000
13756.000000,1000.000000,0.010000,100.000000
13766.000000,1000.000000,-0.010000,100.000000
13777.000000,1000.000000,0.020000,90.000000
13788.000000,1000.000000,0.020000,90.000000
13798.000000,1000.000000,0.020000,100.000000
13809.000000,1000.000000,-0.010000,90.000000
13819.000000,1000.000000,0.040000,100.000000
13830.000000,1000.000000,0.010000,90.000000
13841.000000,1000.000000,0.020000,90.000000
13851.000000,1000.000000,0.070000,100.000000
13862.000000,1000.000000,0.070000,90.000000
13873.000000,1000.000000,0.020000,90.000000
13883.000000,1000.000000,0.070000,100.000000
13894.000000,1000.000000,0.060000,90.000000
13904.000000,1000.000000,0.030000,100.000000
13915.000000,1000.000000,0.070000,90.000000
13926.000000,1000.000000,0.070000,90.000000
13936.000000,1000.000000,0.030000,100.000000
13947.000000,1000.000000,0.080000,90.000000
13958.000000,1000.000000,0.060000,90.000000
13968.000000,1000.000000,0.030000,100.000000
13979.000000,1000.000000,0.020000,90.000000
13989.000000,1000.000000,0.030000,100.000000
14000.000000,1000.000000,0.060000,90.000000
14011.000000,1600.000000,0.010000,90.000000
14021.000000,1600.000000,0.010000,100.000000
14031.000000,1600.000000,0.020000,100.000000
14043.000000,1600.000000,0.060000,83.000000
14053.000000,1600.000000,0.000000,100.000000
14064.000000,1600.000000,0.010000,90.000000
14074.000000,1600.000000,0.020000,100.000000
14086.000000,1600.000000,0.040000,83.000000
14096.000000,1600.000000,0.550000,100.000000
14106.000000,1600.000000,1.160000,100.000000
14117.000000,1600.000000,1.350000,90.000000
14128.000000,1600.000000,1.110000,90.000000
14139.000000,1600.000000,1.210000,90.000000
14149.000000,1600.000000,1.250000,100.000000
14159.000000,1600.000000,1.250000,100.000000
14171.000000,1600.000000,1.400000,83.000000
14181.000000,1600.000000,1.480000,100.000000
14192.000000,1600.000000,1.440000,90.000000
14202.000000,1600.000000,1.440000,100.000000
14213.000000,1600.000000,1.570000,90.000000
14224.000000,1600.000000,1.580000,90.000000
14234.000000,1600.000000,1.720000,100.000000
14245.000000,1600.000000,1.830000,90.000000
14256.000000,1600.000000,1.870000,90.000000
14266.000000,1600.000000,1.850000,100.000000
14277.000000,1600.000000,2.000000,90.000000
14287.000000,1600.000000,2.010000,100.000000
14299.000000,1600.000000,2.120000,83.000000
14309.000000,1600.000000,2.190000,100.000000
14320.000000,1600.000000,2.260000,90.000000
14330.000000,1600.000000,2.370000,100.000000
14341.000000,1600.000000,2.500000,90.000000
14352.000000,1600.000000,2.620000,90.000000
14362.000000,1600.000000,2.660000,100.000000
14373.000000,1600.000000,2.960000,90.000000
14384.000000,1600.000000,2.940000,90.000000
14394.000000,1600.000000,3.160000,100.000000
14405.000000,1600.000000,3.220000,90.000000
14415.000000,1600.000000,3.300000,100.000000
14427.000000,1600.000000,3.370000,83.000000
14437.000000,1600.000000,3.560000,100.000000
14448.000000,1600.000000,3.440000,90.000000
14458.000000,1600.000000,5.340000,100.000000
14469.000000,1600.000000,4.920000,90.000000
14480.000000,1600.000000,7.160000,90.000000
14490.000000,1600.000000,7.360000,100.000000
14501.000000,1600.000000,9.110000,90.000000
14512.000000,1600.000000,10.040000,90.000000
14522.000000,1600.000000,10.700000,100.000000
14533.000000,1600.000000,12.250000,90.000000
14543.000000,1600.000000,12.300000,100.000000
14555.000000,1600.000000,15.020000,83.000000
14565.000000,1600.000000,15.660000,100.000000
14576.000000,1600.000000,20.950000,90.000000
14586.000000,1600.000000,20.260000,100.000000
14598.000000,1600.000000,22.960000,83.000000
14608.000000,1600.000000,19.450000,100.000000
14619.000000,1600.000000,20.180000,90.000000
14629.000000,1600.000000,17.460000,100.000000
14641.000000,1600.000000,15.540000,83.000000
14651.000000,1600.000000,13.860000,100.000000
14662.000000,1600.000000,12.940000,90.000000
14672.000000,1600.000000,12.150000,100.000000
14683.000000,1600.000000,11.980000,90.000000
14694.000000,1600.000000,13.070000,90.000000
14704.000000,1600.000000,13.040000,100.000000
14715.000000,1600.000000,11.470000,90.000000
14726.000000,1600.000000,10.820000,90.000000
14737.000000,1600.000000,10.550000,90.000000
14747.000000,1600.000000,10.390000,100.000000
14758.000000,1600.000000,10.350000,90.000000
14769.000000,1600.000000,10.200000,90.000000
14780.000000,1600.000000,10.220000,90.000000
14790.000000,1600.000000,10.490000,100.000000
14800.000000,1600.000000,10.000000,100.000000
14812.000000,1600.000000,10.020000,83.000000
14822.000000,1600.000000,9.950000,100.000000
14833.000000,1600.000000,9.930000,90.000000
14843.000000,1600.000000,9.970000,100.000000
14855.000000,1600.000000,10.000000,83.000000
14865.000000,1600.000000,10.020000,100.000000
14876.000000,1600.000000,11.630000,90.000000
14886.000000,1600.000000,11.690000,100.000000
14898.000000,1600.000000,10.260000,83.000000
14908.000000,1600.000000,9.930000,100.000000
14918.000000,1600.000000,9.960000,100.000000
14929.000000,1600.000000,10.050000,90.000000
14940.000000,1600.000000,10.040000,90.000000
14951.000000,1600.000000,10.030000,90.000000
14961.000000,1600.000000,10.080000,100.000000
14972.000000,1600.000000,9.980000,90.000000
14983.000000,1600.000000,10.140000,90.000000
14993.000000,1600.000000,9.980000,100.000000
15004.000000,1600.000000,10.200000,90.000000
15014.000000,1600.000000,10.060000,100.000000
15026.000000,1600.000000,10.170000,83.000000
15036.000000,1600.000000,10.060000,100.000000
15047.000000,1600.000000,10.070000,90.000000
15057.000000,1600.000000,10.360000,100.000000
15069.000000,1600.000000,9.820000,83.000000
15079.000000,1600.000000,9.970000,100.000000
15090.000000,1600.000000,10.100000,90.000000
15100.000000,1600.000000,10.310000,100.000000
15111.000000,1600.000000,10.110000,90.000000
15122.000000,1600.000000,10.520000,90.000000
15132.000000,1600.000000,10.350000,100.000000
15143.000000,1600.000000,9.910000,90.000000
15154.000000,1600.000000,10.220000,90.000000
15165.000000,1600.000000,9.980000,90.000000
15175.000000,1600.000000,10.120000,100.000000
15186.000000,1600.000000,10.210000,90.000000
15197.000000,1600.000000,10.790000,90.000000
15207.000000,1600.000000,10.850000,100.000000
15218.000000,1600.000000,10.020000,90.000000
15228.000000,1600.000000,9.940000,100.000000
15240.000000,1600.000000,10.450000,83.000000
15250.000000,1600.000000,10.470000,100.000000
15261.000000,1600.000000,9.930000,90.000000
15271.000000,1600.000000,10.130000,100.000000
15283.000000,1600.000000,10.590000,83.000000
15293.000000,1600.000000,10.100000,100.000000
15304.000000,1600.000000,9.880000,90.000000
15314.000000,1600.000000,9.870000,100.000000
15325.000000,1600.000000,10.090000,90.000000
15336.000000,1600.000000,10.020000,90.000000
15346.000000,1600.000000,10.040000,100.000000
15357.000000,1600.000000,10.110000,90.000000
15368.000000,1600.000000,9.930000,90.000000
15379.000000,1600.000000,10.290000,90.000000
15389.000000,1600.000000,10.010000,100.000000
15400.000000,1600.000000,10.180000,90.000000
15411.000000,1600.000000,9.940000,90.000000
15421.000000,1600.000000,10.010000,100.000000
15432.000000,1600.000000,10.100000,90.000000
15442.000000,1600.000000,9.870000,100.000000
15454.000000,1600.000000,10.620000,83.000000
15464.000000,1600.000000,10.690000,100.000000
15475.000000,1600.000000,10.350000,90.000000
15485.000000,1600.000000,9.950000,100.000000
15497.000000,1600.000000,9.830000,83.000000
15507.000000,1600.000000,9.920000,100.000000
15517.000000,1600.000000,10.180000,100.000000
15528.000000,1600.000000,9.920000,90.000000
15539.000000,1600.000000,9.910000,90.000000
15550.000000,1600.000000,10.140000,90.000000
15560.000000,1600.000000,9.870000,100.000000
15571.000000,1600.000000,9.970000,90.000000
15582.000000,1600.000000,10.070000,90.000000
15592.000000,1600.000000,10.470000,100.000000
15603.000000,1600.000000,10.600000,90.000000
15613.000000,1600.000000,10.210000,100.000000
15625.000000,1600.000000,10.080000,83.000000
15635.000000,1600.000000,9.860000,100.000000
15646.000000,1600.000000,9.940000,90.000000
15656.000000,1600.000000,10.130000,100.000000
15668.000000,1600.000000,9.920000,83.000000
15678.000000,1600.000000,9.810000,100.000000
15688.000000,1600.000000,9.830000,100.000000
15699.000000,1600.000000,9.960000,90.000000
15710.000000,1600.000000,10.030000,90.000000
15721.000000,1600.000000,10.180000,90.000000
15731.000000,1600.000000,10.080000,100.000000
15742.000000,1600.000000,10.230000,90.000000
15753.000000,1600.000000,10.270000,90.000000
15763.000000,1600.000000,10.210000,100.000000
15774.000000,1600.000000,10.080000,90.000000
15784.000000,1600.000000,10.060000,100.000000
15796.000000,1600.000000,9.820000,83.000000
15806.000000,1600.000000,9.770000,100.000000
15817.000000,1600.000000,9.920000,90.000000
15827.000000,1600.000000,9.870000,100.000000
15839.000000,1600.000000,9.870000,83.000000
15849.000000,1600.000000,9.940000,100.000000
15859.000000,1600.000000,9.740000,100.000000
15870.000000,1600.000000,9.840000,90.000000
15881.000000,1600.000000,9.860000,90.000000
15892.000000,1600.000000,9.740000,90.000000
15902.000000,1600.000000,9.870000,100.000000
15912.000000,1600.000000,10.550000,100.000000
15924.000000,1600.000000,11.300000,83.000000
15934.000000,1600.000000,10.900000,100.000000
15945.000000,1600.000000,10.600000,90.000000
15955.000000,1600.000000,10.130000,100.000000
15967.000000,1600.000000,9.910000,83.000000
15977.000000,1600.000000,10.080000,100.000000
15988.000000,1600.000000,10.020000,90.000000
15998.000000,1600.000000,9.950000,100.000000
16010.000000,1600.000000,9.920000,83.000000
16020.000000,1600.000000,10.070000,100.000000
16030.000000,1600.000000,9.850000,100.000000
16041.000000,1600.000000,10.110000,90.000000
16052.000000,1600.000000,9.700000,90.000000
16063.000000,1600.000000,10.060000,90.000000
16073.000000,1600.000000,10.080000,100.000000
16084.000000,1600.000000,9.990000,90.000000
16095.000000,1600.000000,9.870000,90.000000
16105.000000,1600.000000,9.750000,100.000000
16116.000000,1600.000000,9.780000,90.000000
16126.000000,1600.000000,9.960000,100.000000
16138.000000,1600.000000,9.880000,83.000000
16148.000000,1600.000000,10.040000,100.000000
16159.000000,1600.000000,10.700000,90.000000
16169.000000,1600.000000,10.580000,100.000000
16181.000000,1600.000000,9.700000,83.000000
16191.000000,1600.000000,9.950000,100.000000
16201.000000,1600.000000,10.110000,100.000000
16212.000000,1600.000000,9.970000,90.000000
16223.000000,1600.000000,9.990000,90.000000
16234.000000,1600.000000,10.090000,90.000000
16244.000000,1600.000000,9.940000,100.000000
16254.000000,1600.000000,9.890000,100.000000
16266.000000,1600.000000,9.840000,83.000000
16276.000000,1600.000000,9.820000,100.000000
16287.000000,1600.000000,9.710000,90.000000
16297.000000,1600.000000,9.900000,100.000000
16309.000000,1600.000000,9.950000,83.000000
16319.000000,1600.000000,10.750000,100.000000
16329.000000,1600.000000,10.320000,100.000000
16340.000000,1600.000000,9.910000,90.000000
16351.000000,1600.000000,9.980000,90.000000
16362.000000,1600.000000,9.930000,90.000000
16372.000000,1600.000000,10.130000,100.000000
16384.000000,1600.000000,10.420000,83.000000
16394.000000,1600.000000,10.280000,100.000000
16405.000000,1600.000000,9.900000,90.000000
16415.000000,1600.000000,9.860000,100.000000
16425.000000,1600.000000,10.120000,100.000000
16437.000000,1600.000000,10.070000,83.000000
16447.000000,1600.000000,9.840000,100.000000
16458.000000,1600.000000,9.890000,90.000000
16468.000000,1600.000000,9.810000,100.000000
16480.000000,1600.000000,9.890000,83.000000
16490.000000,1600.000000,9.850000,100.000000
16500.000000,1600.000000,10.310000,100.000000
16512.000000,1600.000000,10.080000,83.000000
16522.000000,1600.000000,10.110000,100.000000
16533.000000,1600.000000,10.020000,90.000000
16543.000000,1600.000000,10.040000,100.000000
16555.000000,1600.000000,10.090000,83.000000
16565.000000,1600.000000,10.150000,100.000000
16576.000000,1600.000000,10.190000,90.000000
16586.000000,1600.000000,10.180000,100.000000
16598.000000,1600.000000,10.150000,83.000000
16608.000000,1600.000000,9.940000,100.000000
16618.000000,1600.000000,9.920000,100.000000
16629.000000,1600.000000,10.140000,90.000000
16640.000000,1600.000000,11.340000,90.000000
16651.000000,1600.000000,10.870000,90.000000
16661.000000,1600.000000,9.820000,100.000000
16672.000000,1600.000000,9.830000,90.000000
16683.000000,1600.000000,9.950000,90.000000
16693.000000,1600.000000,9.780000,100.000000
16704.000000,1600.000000,9.760000,90.000000
16714.000000,1600.000000,9.930000,100.000000
16726.000000,1600.000000,10.280000,83.000000
16736.000000,1600.000000,10.300000,100.000000
16747.000000,1600.000000,10.180000,90.000000
16757.000000,1600.000000,9.800000,100.000000
16769.000000,1600.000000,10.090000,83.000000
16779.000000,1600.000000,10.070000,100.000000
16789.000000,1600.000000,10.070000,100.000000
16800.000000,1600.000000,10.140000,90.000000
16811.000000,1600.000000,10.030000,90.000000
16822.000000,1600.000000,10.040000,90.000000
16832.000000,1600.000000,10.130000,100.000000
16843.000000,1600.000000,10.170000,90.000000
16854.000000,1600.000000,10.030000,90.000000
16865.000000,1600.000000,9.820000,90.000000
16875.000000,1600.000000,10.030000,100.000000
16886.000000,1600.000000,10.120000,90.000000
16897.000000,1600.000000,10.300000,90.000000
16907.000000,1600.000000,9.890000,100.000000
16918.000000,1600.000000,9.870000,90.000000
16928.000000,1600.000000,10.130000,100.000000
16940.000000,1600.000000,10.280000,83.000000
16950.000000,1600.000000,10.150000,100.000000
16961.000000,1600.000000,10.120000,90.000000
16971.000000,1600.000000,9.850000,100.000000
16983.000000,1600.000000,9.980000,83.000000
16993.000000,1600.000000,10.150000,100.000000
17003.000000,1590.000000,10.490000,100.000000
17014.000000,1590.000000,9.650000,90.000000
17025.000000,1580.000000,9.070000,90.000000
17036.000000,1570.000000,8.520000,90.000000
17046.000000,1570.000000,8.580000,100.000000
17057.000000,1560.000000,7.520000,90.000000
17068.000000,1550.000000,7.880000,90.000000
17078.000000,1550.000000,6.780000,100.000000
17089.000000,1540.000000,6.330000,90.000000
17099.000000,1540.000000,5.020000,100.000000
17111.000000,1530.000000,5.660000,83.000000
17121.000000,1520.000000,4.730000,100.000000
17132.000000,1520.000000,5.270000,90.000000
17142.000000,1510.000000,4.280000,100.000000
17153.000000,1500.000000,4.570000,90.000000
17164.000000,1500.000000,2.810000,90.000000
17174.000000,1490.000000,2.710000,100.000000
17185.000000,1480.000000,1.980000,90.000000
17196.000000,1480.000000,2.380000,90.000000
17206.000000,1470.000000,2.820000,100.000000
17217.000000,1460.000000,2.270000,90.000000
17227.000000,1460.000000,2.820000,100.000000
17239.000000,1450.000000,2.290000,83.000000
17249.000000,1450.000000,2.610000,100.000000
17260.000000,1440.000000,1.970000,90.000000
17270.000000,1430.000000,3.640000,100.000000
17281.000000,1430.000000,1.330000,90.000000
17292.000000,1420.000000,1.520000,90.000000
17302.000000,1410.000000,1.000000,100.000000
17313.000000,1410.000000,1.510000,90.000000
17324.000000,1400.000000,-0.150000,90.000000
17334.000000,1390.000000,0.380000,100.000000
17345.000000,1390.000000,-0.280000,90.000000
17355.000000,1380.000000,0.100000,100.000000
17367.000000,1370.000000,0.520000,83.000000
17377.000000,1370.000000,0.370000,100.000000
17388.000000,1360.000000,-0.130000,90.000000
17398.000000,1360.000000,-0.140000,100.000000
17409.000000,1350.000000,-0.140000,90.000000
17420.000000,1340.000000,-0.380000,90.000000
17430.000000,1340.000000,-0.020000,100.000000
17441.000000,1330.000000,-0.310000,90.000000
17452.000000,1320.000000,0.010000,90.000000
17463.000000,1320.000000,-0.370000,90.000000
17473.000000,1310.000000,-0.800000,100.000000
17483.000000,1310.000000,-0.960000,100.000000
17495.000000,1300.000000,-0.620000,83.000000
17505.000000,1290.000000,-0.720000,100.000000
17516.000000,1290.000000,-0.400000,90.000000
17526.000000,1280.000000,-0.530000,100.000000
17538.000000,1270.000000,-0.360000,83.000000
17548.000000,1270.000000,-0.380000,100.000000
17559.000000,1260.000000,-0.400000,90.000000
17569.000000,1250.000000,-0.410000,100.000000
17580.000000,1250.000000,-0.490000,90.000000
17591.000000,1240.000000,-0.580000,90.000000
17601.000000,1230.000000,-0.700000,100.000000
17612.000000,1230.000000,-0.750000,90.000000
17623.000000,1220.000000,-0.750000,90.000000
17633.000000,1220.000000,-0.630000,100.000000
17644.000000,1210.000000,-0.610000,90.000000
17654.000000,1200.000000,-0.580000,100.000000
17666.000000,1200.000000,-0.480000,83.000000
17676.000000,1190.000000,-0.490000,100.000000
17687.000000,1180.000000,-0.300000,90.000000
17697.000000,1180.000000,-0.260000,100.000000
17709.000000,1170.000000,-0.270000,83.000000
17719.000000,1160.000000,-0.330000,100.000000
17729.000000,1160.000000,-0.320000,100.000000
17740.000000,1150.000000,-0.300000,90.000000
17751.000000,1140.000000,-0.260000,90.000000
17762.000000,1140.000000,-0.130000,90.000000
17772.000000,1130.000000,-0.070000,100.000000
17783.000000,1130.000000,0.000000,90.000000
17794.000000,1120.000000,-0.000000,90.000000
17804.000000,1110.000000,0.030000,100.000000
17815.000000,1110.000000,0.050000,90.000000
17825.000000,1100.000000,0.050000,100.000000
17837.000000,1090.000000,-0.000000,83.000000
17847.000000,1090.000000,0.030000,100.000000
17858.000000,1080.000000,0.060000,90.000000
17868.000000,1070.000000,0.050000,100.000000
17879.000000,1070.000000,-0.010000,90.000000
17890.000000,1060.000000,0.020000,90.000000
17900.000000,1060.000000,-0.030000,100.000000
17911.000000,1050.000000,-0.030000,90.000000
17922.000000,1040.000000,-0.020000,90.000000
17932.000000,1040.000000,-0.030000,100.000000
17943.000000,1030.000000,-0.050000,90.000000
17953.000000,1020.000000,-0.030000,100.000000
17965.000000,1020.000000,0.020000,83.000000
17975.000000,1010.000000,0.020000,100.000000
17986.000000,1000.000000,0.020000,90.000000
17996.000000,1000.000000,-0.000000,100.000000
18007.000000,1000.000000,-0.030000,90.000000
18018.000000,1000.000000,-0.010000,90.000000
18028.000000,1000.000000,-0.010000,100.000000
18038.000000,1000.000000,-0.030000,100.000000
18050.000000,1000.000000,-0.000000,83.000000
18060.000000,1000.000000,-0.020000,100.000000
18070.000000,1000.000000,0.030000,100.000000
18081.000000,1000.000000,-0.040000,90.000000
18092.000000,1000.000000,-0.050000,90.000000
18102.000000,1000.000000,-0.040000,100.000000
18112.000000,1000.000000,-0.010000,100.000000
18123.000000,1000.000000,0.020000,90.000000
18134.000000,1000.000000,0.020000,90.000000
18144.000000,1000.000000,-0.040000,100.000000
18155.000000,1000.000000,0.020000,90.000000
18165.000000,1000.000000,-0.060000,100.000000
18176.000000,1000.000000,-0.030000,90.000000
18187.000000,1000.000000,-0.010000,90.000000
18197.000000,1000.000000,-0.020000,100.000000
18207.000000,1000.000000,-0.020000,100.000000
18219.000000,1000.000000,0.010000,83.000000
18229.000000,1000.000000,0.010000,100.000000
18239.000000,1000.000000,-0.010000,100.000000
18249.000000,1000.000000,-0.030000,100.000000
18260.000000,1000.000000,-0.030000,90.000000
18271.000000,1000.000000,-0.050000,90.000000
18281.000000,1000.000000,-0.030000,100.000000
18292.000000,1000.000000,0.020000,90.000000
18302.000000,1000.000000,0.020000,100.000000
18313.000000,1000.000000,-0.010000,90.000000
18324.000000,1000.000000,0.060000,90.000000
18334.000000,1000.000000,-0.010000,100.000000
18344.000000,1000.000000,0.010000,100.000000
18356.000000,1000.000000,0.020000,83.000000
18366.000000,1000.000000,0.040000,100.000000
18376.000000,1000.000000,0.030000,100.000000
18386.000000,1000.000000,0.010000,100.000000
18398.000000,1000.000000,0.050000,83.000000
18408.000000,1000.000000,0.040000,100.000000
18418.000000,1000.000000,0.020000,100.000000
18429.000000,1000.000000,0.030000,90.000000
18440.000000,1000.000000,0.040000,90.000000
18450.000000,1000.000000,-0.020000,100.000000
18461.000000,1000.000000,0.020000,90.000000
18471.000000,1000.000000,-0.030000,100.000000
18482.000000,1000.000000,-0.030000,90.000000
18493.000000,1000.000000,-0.030000,90.000000
18503.000000,1000.000000,-0.070000,100.000000
18513.000000,1000.000000,-0.000000,100.000000
18524.000000,1000.000000,-0.010000,90.000000
18535.000000,1000.000000,-0.010000,90.000000
18545.000000,1000.000000,-0.020000,100.000000
18555.000000,1000.000000,-0.050000,100.000000
18567.000000,1000.000000,-0.040000,83.000000
18577.000000,1000.000000,-0.030000,100.000000
18587.000000,1000.000000,-0.040000,100.000000
18598.000000,1000.000000,-0.020000,90.000000
18609.000000,1000.000000,-0.030000,90.000000
18619.000000,1000.000000,-0.030000,100.000000
18630.000000,1000.000000,-0.030000,90.000000
18640.000000,1000.000000,-0.020000,100.000000
18651.000000,1000.000000,-0.030000,90.000000
18662.000000,1000.000000,-0.010000,90.000000
18672.000000,1000.000000,0.020000,100.000000
18682.000000,1000.000000,-0.010000,100.000000
18694.000000,1000.000000,-0.000000,83.000000
18704.000000,1000.000000,-0.010000,100.000000
18714.000000,1000.000000,0.030000,100.000000
18724.000000,1000.000000,0.030000,100.000000
18736.000000,1000.000000,0.070000,83.000000
18746.000000,1000.000000,0.020000,100.000000
18756.000000,1000.000000,0.020000,100.000000
18767.000000,1000.000000,0.010000,90.000000
18778.000000,1000.000000,0.050000,90.000000
18788.000000,1000.000000,0.020000,100.000000
18799.000000,1000.000000,0.010000,90.000000
18809.000000,1000.000000,-0.030000,100.000000
18820.000000,1000.000000,-0.090000,90.000000
18831.000000,1000.000000,-0.050000,90.000000
18841.000000,1000.000000,-0.020000,100.000000
18851.000000,1000.000000,-0.020000,100.000000
18863.000000,1000.000000,-0.010000,83.000000
18873.000000,1000.000000,-0.030000,100.000000
18883.000000,1000.000000,0.010000,100.000000
18893.000000,1000.000000,0.010000,100.000000
18905.000000,1000.000000,-0.050000,83.000000
18915.000000,1000.000000,-0.020000,100.000000
18925.000000,1000.000000,-0.030000,100.000000
18936.000000,1000.000000,-0.040000,90.000000
18947.000000,1000.000000,-0.010000,90.000000
18957.000000,1000.000000,0.010000,100.000000
18968.000000,1000.000000,-0.000000,90.000000
18978.000000,1000.000000,-0.030000,100.000000
18989.000000,1000.000000,0.010000,90.000000
19000.000000,1000.000000,0.020000,90.000000
19010.000000,1000.000000,-0.020000,100.000000
19020.000000,1000.000000,-0.000000,100.000000
19032.000000,1000.000000,-0.010000,83.000000
19042.000000,1000.000000,0.010000,100.000000
19052.000000,1000.000000,-0.030000,100.000000
19063.000000,1000.000000,-0.000000,90.000000
19074.000000,1000.000000,-0.030000,90.000000
19084.000000,1000.000000,-0.000000,100.000000
19094.000000,1000.000000,-0.030000,100.000000
19105.000000,1000.000000,-0.060000,90.000000
19116.000000,1000.000000,-0.060000,90.000000
19126.000000,1000.000000,-0.010000,100.000000
19137.000000,1000.000000,-0.080000,90.000000
19147.000000,1000.000000,-0.040000,100.000000
19158.000000,1000.000000,-0.040000,90.000000
19169.000000,1000.000000,-0.050000,90.000000
19179.000000,1000.000000,-0.040000,100.000000
19189.000000,1000.000000,-0.060000,100.000000
19201.000000,1000.000000,-0.050000,83.000000
19211.000000,1000.000000,-0.060000,100.000000
19221.000000,1000.000000,-0.050000,100.000000
19232.000000,1000.000000,-0.020000,90.000000
19243.000000,1000.000000,-0.010000,90.000000
19253.000000,1000.000000,-0.020000,100.000000
19263.000000,1000.000000,-0.050000,100.000000
19274.000000,1000.000000,-0.030000,90.000000
19284.000000,1000.000000,-0.020000,100.000000
19295.000000,1000.000000,0.020000,90.000000
19306.000000,1000.000000,-0.010000,90.000000
19316.000000,1000.000000,-0.050000,100.000000
19326.000000,1000.000000,-0.040000,100.000000
19338.000000,1000.000000,-0.030000,83.000000
19348.000000,1000.000000,0.040000,100.000000
19358.000000,1000.000000,0.020000,100.000000
19369.000000,1000.000000,0.010000,90.000000
19380.000000,1000.000000,0.050000,90.000000
19390.000000,1000.000000,0.010000,100.000000
19400.000000,1000.000000,0.010000,100.000000
19411.000000,1000.000000,0.010000,90.000000
19422.000000,1000.000000,0.040000,90.000000
19432.000000,1000.000000,0.020000,100.000000
19443.000000,1000.000000,-0.000000,90.000000
19453.000000,1000.000000,0.040000,100.000000
19464.000000,1000.000000,0.000000,90.000000
19475.000000,1000.000000,0.010000,90.000000
19485.000000,1000.000000,0.020000,100.000000
19495.000000,1000.000000,0.010000,100.000000
19507.000000,1000.000000,-0.050000,83.000000
19517.000000,1000.000000,0.010000,100.000000
19527.000000,1000.000000,0.020000,100.000000
19538.000000,1000.000000,0.050000,90.000000
19549.000000,1000.000000,0.020000,90.000000
19559.000000,1000.000000,0.040000,100.000000
19569.000000,1000.000000,0.050000,100.000000
19580.000000,1000.000000,0.050000,90.000000
19591.000000,1000.000000,-0.010000,90.000000
19601.000000,1000.000000,-0.010000,100.000000
19612.000000,1000.000000,-0.060000,90.000000
19622.000000,1000.000000,0.000000,100.000000
19633.000000,1000.000000,0.020000,90.000000
19644.000000,1000.000000,0.050000,90.000000
19654.000000,1000.000000,0.020000,100.000000
19664.000000,1000.000000,0.060000,100.000000
19675.000000,1000.000000,0.010000,90.000000
19686.000000,1000.000000,0.040000,90.000000
19696.000000,1000.000000,0.020000,100.000000
19706.000000,1000.000000,0.060000,100.000000
19718.000000,1000.000000,0.050000,83.000000
19728.000000,1000.000000,0.030000,100.000000
19738.000000,1000.000000,-0.020000,100.000000
19749.000000,1000.000000,0.060000,90.000000
19760.000000,1000.000000,0.050000,90.000000
19770.000000,1000.000000,0.030000,100.000000
19781.000000,1000.000000,0.030000,90.000000
19791.000000,1000.000000,0.020000,100.000000
19802.000000,1000.000000,-0.000000,90.000000
19812.000000,1000.000000,0.000000,100.000000
19823.000000,1000.000000,-0.000000,90.000000
19833.000000,1000.000000,0.020000,100.000000
19844.000000,1000.000000,0.010000,90.000000
19855.000000,1000.000000,0.010000,90.000000
19865.000000,1000.000000,0.020000,100.000000
19875.000000,1000.000000,-0.030000,100.000000
19887.000000,1000.000000,0.040000,83.000000
19897.000000,1000.000000,0.070000,100.000000
19907.000000,1000.000000,0.090000,100.000000
19918.000000,1000.000000,0.020000,90.000000
19929.000000,1000.000000,0.010000,90.000000
19939.000000,1000.000000,0.010000,100.000000
19950.000000,1000.000000,0.010000,90.000000
19960.000000,1000.000000,0.040000,100.000000
19971.000000,1000.000000,0.010000,90.000000
19981.000000,1000.000000,-0.010000,100.000000
19992.000000,1000.000000,-0.050000,90.000000
20002.000000,1000.000000,0.000000,100.000000
20013.000000,1000.000000,0.020000,90.000000
20024.000000,1000.000000,0.020000,90.000000
20034.000000,1000.000000,0.020000,100.000000
20044.000000,1000.000000,0.010000,100.000000
20056.000000,1000.000000,0.030000,83.000000
20066.000000,1000.000000,-0.010000,100.000000
20076.000000,1000.000000,-0.010000,100.000000
20087.000000,1000.000000,-0.010000,90.000000
20098.000000,1000.000000,-0.020000,90.000000
20108.000000,1000.000000,-0.020000,100.000000
20119.000000,1000.000000,-0.050000,90.000000
20129.000000,1000.000000,-0.000000,100.000000
20140.000000,1000.000000,-0.010000,90.000000
20150.000000,1000.000000,-0.030000,100.000000
20161.000000,1000.000000,-0.040000,90.000000
20171.000000,1000.000000,-0.030000,100.000000
20182.000000,1000.000000,-0.020000,90.000000
20193.000000,1000.000000,0.050000,90.000000
20203.000000,1000.000000,-0.020000,100.000000
20213.000000,1000.000000,-0.010000,100.000000
20225.000000,1000.000000,-0.000000,83.000000
20235.000000,1000.000000,-0.020000,100.000000
20245.000000,1000.000000,-0.030000,100.000000
20256.000000,1000.000000,-0.010000,90.000000
20267.000000,1000.000000,-0.000000,90.000000
20277.000000,1000.000000,0.000000,100.000000
20288.000000,1000.000000,-0.010000,90.000000
20298.000000,1000.000000,-0.020000,100.000000
20308.000000,1000.000000,-0.010000,100.000000
20320.000000,1000.000000,-0.000000,83.000000
20330.000000,1000.000000,-0.050000,100.000000
20340.000000,1000.000000,-0.040000,100.000000
20350.000000,1000.000000,-0.000000,100.000000
20362.000000,1000.000000,-0.030000,83.000000
20372.000000,1000.000000,-0.040000,100.000000
20382.000000,1000.000000,-0.000000,100.000000
20393.000000,1000.000000,0.010000,90.000000
20404.000000,1000.000000,0.020000,90.000000
20414.000000,1000.000000,-0.030000,100.000000
20425.000000,1000.000000,0.010000,90.000000
20435.000000,1000.000000,0.030000,100.000000
20446.000000,1000.000000,0.000000,90.000000
20457.000000,1000.000000,0.030000,90.000000
20467.000000,1000.000000,-0.010000,100.000000
20477.000000,1000.000000,-0.000000,100.000000
20489.000000,1000.000000,0.010000,83.000000
20499.000000,1000.000000,0.060000,100.000000
20509.000000,1000.000000,0.040000,100.000000
20519.000000,1000.000000,0.040000,100.000000
20531.000000,1000.000000,-0.010000,83.000000
20541.000000,1000.000000,-0.020000,100.000000
20551.000000,1000.000000,-0.020000,100.000000
20562.000000,1000.000000,0.000000,90.000000
20573.000000,1000.000000,0.020000,90.000000
20583.000000,1000.000000,-0.030000,100.000000
20594.000000,1000.000000,-0.090000,90.000000
20604.000000,1000.000000,-0.030000,100.000000
20615.000000,1000.000000,-0.040000,90.000000
20626.000000,1000.000000,-0.050000,90.000000
20636.000000,1000.000000,0.010000,100.000000
20646.000000,1000.000000,-0.010000,100.000000
20658.000000,1000.000000,0.040000,83.000000
20668.000000,1000.000000,-0.000000,100.000000
20678.000000,1000.000000,0.040000,100.000000
20688.000000,1000.000000,0.070000,100.000000
20700.000000,1000.000000,0.070000,83.000000
20710.000000,1000.000000,0.040000,100.000000
20720.000000,1000.000000,0.000000,100.000000
20731.000000,1000.000000,0.010000,90.000000
20742.000000,1000.000000,0.020000,90.000000
20752.000000,1000.000000,0.010000,100.000000
20763.000000,1000.000000,-0.020000,90.000000
20773.000000,1000.000000,-0.030000,100.000000
20784.000000,1000.000000,-0.000000,90.000000
20794.000000,1000.000000,-0.000000,100.000000
20805.000000,1000.000000,0.000000,90.000000
20815.000000,1000.000000,0.020000,100.000000
20826.000000,1000.000000,0.060000,90.000000
20837.000000,1000.000000,0.020000,90.000000
20847.000000,1000.000000,0.010000,100.000000
20857.000000,1000.000000,0.060000,100.000000
20869.000000,1000.000000,0.010000,83.000000
20879.000000,1000.000000,0.020000,100.000000
20889.000000,1000.000000,0.020000,100.000000
20900.000000,1000.000000,0.010000,90.000000
20911.000000,1000.000000,-0.030000,90.000000
20921.000000,1000.000000,-0.020000,100.000000
20932.000000,1000.000000,-0.020000,90.000000
20942.000000,1000.000000,-0.040000,100.000000
20953.000000,1000.000000,0.020000,90.000000
20963.000000,1000.000000,-0.000000,100.000000
20974.000000,1000.000000,0.010000,90.000000
20984.000000,1000.000000,-0.030000,100.000000
20995.000000,1000.000000,0.010000,90.000000
21006.000000,1000.000000,-0.010000,90.000000
21016.000000,1000.000000,0.000000,100.000000
21026.000000,1000.000000,-0.010000,100.000000
21038.000000,1000.000000,-0.040000,83.000000
21048.000000,1000.000000,-0.010000,100.000000
21058.000000,1000.000000,-0.050000,100.000000
21069.000000,1000.000000,-0.040000,90.000000
21080.000000,1000.000000,-0.010000,90.000000
21090.000000,1000.000000,-0.010000,100.000000
21101.000000,1000.000000,-0.010000,90.000000
21111.000000,1000.000000,-0.010000,100.000000
21122.000000,1000.000000,0.020000,90.000000
21132.000000,1000.000000,-0.000000,100.000000
21143.000000,1000.000000,-0.030000,90.000000
21153.000000,1000.000000,-0.050000,100.000000
21164.000000,1000.000000,0.020000,90.000000
21175.000000,1000.000000,0.070000,90.000000
21185.000000,1000.000000,0.050000,100.000000
21195.000000,1000.000000,0.040000,100.000000
21207.000000,1000.000000,-0.020000,83.000000
21217.000000,1000.000000,-0.020000,100.000000
21227.000000,1000.000000,-0.020000,100.000000
21238.000000,1000.000000,0.000000,90.000000
21249.000000,1000.000000,-0.010000,90.000000
21259.000000,1000.000000,0.010000,100.000000
21269.000000,1000.000000,0.000000,100.000000
21280.000000,1000.000000,0.010000,90.000000
21291.000000,1000.000000,0.010000,90.000000
21301.000000,1000.000000,-0.050000,100.000000
21312.000000,1000.000000,-0.030000,90.000000
21322.000000,1000.000000,-0.030000,100.000000
21332.000000,1000.000000,-0.050000,100.000000
21344.000000,1000.000000,0.010000,83.000000
21354.000000,1000.000000,-0.010000,100.000000
21364.000000,1000.000000,0.050000,100.000000
21376.000000,1000.000000,-0.000000,83.000000
21386.000000,1000.000000,0.010000,100.000000
21396.000000,1000.000000,0.020000,100.000000
21407.000000,1000.000000,0.000000,90.000000
21417.000000,1000.000000,0.010000,100.000000
21428.000000,1000.000000,0.000000,90.000000
21438.000000,1000.000000,-0.010000,100.000000
21449.000000,1000.000000,0.020000,90.000000
21459.000000,1000.000000,0.040000,100.000000
21470.000000,1000.000000,-0.020000,90.000000
21481.000000,1000.000000,-0.010000,90.000000
21491.000000,1000.000000,0.040000,100.000000
21501.000000,1000.000000,0.030000,100.000000
21513.000000,1000.000000,0.050000,83.000000
21523.000000,1000.000000,0.010000,100.000000
21533.000000,1000.000000,-0.010000,100.000000
21544.000000,1000.000000,-0.030000,90.000000
21555.000000,1000.000000,0.010000,90.000000
21565.000000,1000.000000,-0.020000,100.000000
21575.000000,1000.000000,0.010000,100.000000
21586.000000,1000.000000,0.020000,90.000000
21597.000000,1000.000000,0.050000,90.000000
21607.000000,1000.000000,0.050000,100.000000
21618.000000,1000.000000,0.060000,90.000000
21628.000000,1000.000000,-0.010000,100.000000
21639.000000,1000.000000,-0.020000,90.000000
21650.000000,1000.000000,-0.010000,90.000000
21660.000000,1000.000000,-0.000000,100.000000
21670.000000,1000.000000,-0.040000,100.000000
21682.000000,1000.000000,-0.010000,83.000000
21692.000000,1000.000000,-0.050000,100.000000
21702.000000,1000.000000,0.000000,100.000000
21712.000000,1000.000000,0.020000,100.000000
21724.000000,1000.000000,-0.040000,83.000000
21734.000000,1000.000000,-0.070000,100.000000
21744.000000,1000.000000,-0.040000,100.000000
21755.000000,1000.000000,-0.040000,90.000000
21766.000000,1000.000000,-0.040000,90.000000
21776.000000,1000.000000,0.030000,100.000000
21787.000000,1000.000000,0.010000,90.000000
21797.000000,1000.000000,0.020000,100.000000
21808.000000,1000.000000,-0.000000,90.000000
21819.000000,1000.000000,-0.010000,90.000000
21829.000000,1000.000000,0.020000,100.000000
21839.000000,1000.000000,0.040000,100.000000
21851.000000,1000.000000,0.010000,83.000000
21861.000000,1000.000000,0.060000,100.000000
21871.000000,1000.000000,0.060000,100.000000
21881.000000,1000.000000,0.030000,100.000000
21893.000000,1000.000000,0.020000,83.000000
21903.000000,1000.000000,0.010000,100.000000
21913.000000,1000.000000,-0.010000,100.000000
21924.000000,1000.000000,0.020000,90.000000
21935.000000,1000.000000,0.000000,90.000000
21945.000000,1000.000000,-0.000000,100.000000
21956.000000,1000.000000,0.030000,90.000000
21966.000000,1000.000000,0.030000,100.000000
21977.000000,1000.000000,0.050000,90.000000
21988.000000,1000.000000,0.050000,90.000000
21998.000000,1000.000000,0.030000,100.000000
22008.000000,1000.000000,0.050000,100.000000
22019.000000,1000.000000,0.000000,90.000000
22030.000000,1000.000000,-0.030000,90.000000
22040.000000,1000.000000,-0.000000,100.000000
22050.000000,1000.000000,-0.010000,100.000000
22062.000000,1000.000000,-0.040000,83.000000
22072.000000,1000.000000,-0.000000,100.000000
22082.000000,1000.000000,-0.030000,100.000000
22093.000000,1000.000000,0.000000,90.000000
22104.000000,1000.000000,0.060000,90.000000
22114.000000,1000.000000,0.000000,100.000000
22124.000000,1000.000000,0.060000,100.000000
22135.000000,1000.000000,0.010000,90.000000
22146.000000,1000.000000,0.020000,90.000000
22156.000000,1000.000000,0.000000,100.000000
22167.000000,1000.000000,-0.040000,90.000000
22177.000000,1000.000000,-0.060000,100.000000
22188.000000,1000.000000,-0.000000,90.000000
22199.000000,1000.000000,-0.030000,90.000000
22209.000000,1000.000000,-0.020000,100.000000
22219.000000,1000.000000,-0.040000,100.000000
22231.000000,1000.000000,-0.030000,83.000000
22241.000000,1000.000000,-0.030000,100.000000
22251.000000,1000.000000,-0.020000,100.000000
22262.000000,1000.000000,-0.050000,90.000000
22273.000000,1000.000000,-0.070000,90.000000
22283.000000,1000.000000,-0.030000,100.000000
22294.000000,1000.000000,-0.020000,90.000000
22304.000000,1000.000000,-0.050000,100.000000
22315.000000,1000.000000,-0.010000,90.000000
22325.000000,1000.000000,-0.000000,100.000000
22336.000000,1000.000000,-0.030000,90.000000
22346.000000,1000.000000,-0.000000,100.000000
22356.000000,1000.000000,0.020000,100.000000
22368.000000,1000.000000,-0.030000,83.000000
22378.000000,1000.000000,-0.030000,100.000000
22388.000000,1000.000000,-0.100000,100.000000
22400.000000,1000.000000,-0.070000,83.000000
22410.000000,1000.000000,-0.070000,100.000000
22420.000000,1000.000000,-0.050000,100.000000
22431.000000,1000.000000,-0.060000,90.000000
22441.000000,1000.000000,-0.040000,100.000000
22452.000000,1000.000000,-0.020000,90.000000
22463.000000,1000.000000,-0.080000,90.000000
22473.000000,1000.000000,-0.050000,100.000000
22483.000000,1000.000000,-0.040000,100.000000
22495.000000,1000.000000,-0.040000,83.000000
22505.000000,1000.000000,-0.030000,100.000000
22515.000000,1000.000000,-0.080000,100.000000
22525.000000,1000.000000,-0.020000,100.000000
22537.000000,1000.000000,-0.050000,83.000000
22547.000000,1000.000000,-0.030000,100.000000
22557.000000,1000.000000,-0.000000,100.000000
22568.000000,1000.000000,0.010000,90.000000
22579.000000,1000.000000,0.020000,90.000000
22589.000000,1000.000000,0.020000,100.000000
22600.000000,1000.000000,0.010000,90.000000
22610.000000,1000.000000,0.050000,100.000000
22621.000000,1000.000000,0.060000,90.000000
22632.000000,1000.000000,0.020000,90.000000
22642.000000,1000.000000,0.030000,100.000000
22652.000000,1000.000000,0.020000,100.000000
22664.000000,1000.000000,-0.050000,83.000000
22674.000000,1000.000000,-0.010000,100.000000
22684.000000,1000.000000,-0.000000,100.000000
22695.000000,1000.000000,-0.010000,90.000000
22706.000000,1000.000000,0.020000,90.000000
22716.000000,1000.000000,-0.000000,100.000000
22726.000000,1000.000000,0.010000,100.000000
22737.000000,1000.000000,0.020000,90.000000
22748.000000,1000.000000,-0.050000,90.000000
22758.000000,1000.000000,-0.040000,100.000000
22769.000000,1000.000000,-0.030000,90.000000
22779.000000,1000.000000,-0.040000,100.000000
22790.000000,1000.000000,-0.030000,90.000000
22801.000000,1000.000000,0.010000,90.000000
22811.000000,1000.000000,-0.030000,100.000000
22821.000000,1000.000000,0.020000,100.000000
22833.000000,1000.000000,0.040000,83.000000
22843.000000,1000.000000,-0.020000,100.000000
22853.000000,1000.000000,-0.050000,100.000000
22863.000000,1000.000000,0.020000,100.000000
22875.000000,1000.000000,-0.010000,83.000000
22885.000000,1000.000000,0.010000,100.000000
22895.000000,1000.000000,0.000000,100.000000
22906.000000,1000.000000,-0.010000,90.000000
22917.000000,1000.000000,0.030000,90.000000
22927.000000,1000.000000,0.000000,100.000000
22938.000000,1000.000000,0.040000,90.000000
22948.000000,1000.000000,0.020000,100.000000
22959.000000,1000.000000,-0.010000,90.000000
22970.000000,1000.000000,0.020000,90.000000
22980.000000,1000.000000,0.050000,100.000000
22990.000000,1000.000000,-0.060000,100.000000
23001.000000,1000.000000,-0.000000,90.000000
23012.000000,1000.000000,-0.040000,90.000000
23022.000000,1000.000000,-0.000000,100.000000
23032.000000,1000.000000,0.020000,100.000000
23044.000000,1000.000000,-0.020000,83.000000
23054.000000,1000.000000,0.030000,100.000000
23064.000000,1000.000000,0.040000,100.000000
23075.000000,1000.000000,0.050000,90.000000
23086.000000,1000.000000,0.040000,90.000000
23096.000000,1000.000000,0.040000,100.000000
23106.000000,1000.000000,0.040000,100.000000
23117.000000,1000.000000,0.040000,90.000000
23128.000000,1000.000000,0.060000,90.000000
23138.000000,1000.000000,0.100000,100.000000
23149.000000,1000.000000,0.040000,90.000000
23159.000000,1000.000000,0.020000,100.000000
23170.000000,1000.000000,0.010000,90.000000
23181.000000,1000.000000,0.090000,90.000000
23191.000000,1000.000000,0.060000,100.000000
23201.000000,1000.000000,0.050000,100.000000
23213.000000,1000.000000,0.040000,83.000000
23223.000000,1000.000000,0.040000,100.000000
23233.000000,1000.000000,0.030000,100.000000
23244.000000,1000.000000,0.030000,90.000000
23255.000000,1000.000000,0.050000,90.000000
23265.000000,1000.000000,0.030000,100.000000
23275.000000,1000.000000,0.040000,100.000000
23286.000000,1000.000000,0.030000,90.000000
23297.000000,1000.000000,0.030000,90.000000
23307.000000,1000.000000,0.070000,100.000000
23318.000000,1000.000000,0.010000,90.000000
23328.000000,1000.000000,0.010000,100.000000
23339.000000,1000.000000,-0.020000,90.000000
23350.000000,1000.000000,-0.010000,90.000000
23360.000000,1000.000000,-0.030000,100.000000
23370.000000,1000.000000,0.020000,100.000000
23382.000000,1000.000000,-0.010000,83.000000
23392.000000,1000.000000,0.000000,100.000000
23402.000000,1000.000000,0.050000,100.000000
23412.000000,1000.000000,0.090000,100.000000
23424.000000,1000.000000,0.060000,83.000000
23434.000000,1000.000000,0.070000,100.000000
23444.000000,1000.000000,0.070000,100.000000
23455.000000,1000.000000,0.020000,90.000000
23465.000000,1000.000000,-0.000000,100.000000
23476.000000,1000.000000,0.070000,90.000000
23487.000000,1000.000000,0.020000,90.000000
23497.000000,1000.000000,0.050000,100.000000
23507.000000,1000.000000,0.100000,100.000000
23519.000000,1000.000000,0.040000,83.000000
23529.000000,1000.000000,-0.010000,100.000000
23539.000000,1000.000000,0.010000,100.000000
23549.000000,1000.000000,0.020000,100.000000
23561.000000,1000.000000,0.060000,83.000000
23571.000000,1000.000000,0.030000,100.000000
23581.000000,1000.000000,0.030000,100.000000
23592.000000,1000.000000,0.040000,90.000000
23603.000000,1000.000000,0.050000,90.000000
23613.000000,1000.000000,0.020000,100.000000
23624.000000,1000.000000,0.000000,90.000000
23634.000000,1000.000000,-0.010000,100.000000
23645.000000,1000.000000,0.030000,90.000000
23656.000000,1000.000000,0.060000,90.000000
23666.000000,1000.000000,0.000000,100.000000
23676.000000,1000.000000,-0.020000,100.000000
23688.000000,1000.000000,0.050000,83.000000
