Time,PWM,Throttle,A,e,P,D,I,PID
7036,1214,1372,-0.31,3.31,165.69,0,6.63,172.31
7056,1215,1391,-0.56,3.56,177.89,0,13.74,191.64
7071,1215,1392,-0.44,3.44,171.79,0,20.61,192.4
7086,1209,1392,-0.31,3.31,165.69,0,27.24,192.93
7101,1215,1405,-0.44,3.44,171.79,0,34.11,205.9
7115,1209,1412,-0.44,3.44,171.79,0,40.99,212.77
7131,1215,1387,0.17,2.83,141.27,0,46.64,187.91
7146,1215,1368,0.66,2.34,116.86,0,51.31,168.17
7160,1214,1372,0.66,2.34,116.86,0,55.98,172.84
7176,1215,1383,0.54,2.46,122.96,0,60.9,183.86
7190,1209,1376,0.78,2.22,110.75,0,65.33,176.09
7205,1214,1386,0.66,2.34,116.86,0,70.01,186.87
7221,1215,1366,1.15,1.85,92.44,0,73.71,166.15
7235,1215,1376,1.03,1.97,98.55,0,77.65,176.19
7250,1215,1361,1.4,1.6,80.24,0,80.86,161.09
7265,1209,1396,0.78,2.22,110.75,0,85.29,196.04
7280,1214,1356,1.64,1.36,68.03,0,88.01,156.04
7296,1215,1333,2.13,0.87,43.62,0,89.75,133.37
7310,1214,1392,1.03,1.97,98.55,0,93.69,192.24
7325,1215,1332,2.25,0.75,37.51,0,95.2,132.71
7340,1209,1384,1.27,1.73,86.34,0,98.65,184.99
7355,1214,1337,2.25,0.75,37.51,0,100.15,137.66
7370,1214,1339,2.25,0.75,37.51,0,101.65,139.16
7385,1215,1315,2.74,0.26,13.1,0,102.17,115.27
7400,1215,1360,1.88,1.12,55.82,0,104.41,160.23
7414,1209,1279,3.47,-0.47,-23.52,0,103.47,79.94
7430,1215,1355,2.01,0.99,49.72,0,105.45,155.17
7444,1215,1357,2.01,0.99,49.72,0,107.44,157.16
7459,1214,1327,2.62,0.38,19.2,0,108.21,127.41
7475,1214,1353,2.13,0.87,43.62,0,109.96,153.57
7489,1209,1336,2.49,0.51,25.31,0,110.97,136.27
7504,1215,1273,3.71,-0.71,-35.73,0,109.54,73.81
7519,1214,1304,3.1,-0.1,-5.21,0,109.33,104.12
7534,1214,1278,3.59,-0.59,-29.63,0,108.15,78.52
7549,1215,1416,0.91,2.09,104.65,0,112.33,216.98
7564,1195,1370,1.88,1.12,55.82,0,114.56,170.39
7579,1214,1232,4.57,-1.57,-78.45,0,111.43,32.97
7593,1215,1337,2.49,0.51,25.31,0,112.44,137.74
7609,1215,1351,2.25,0.75,37.51,0,113.94,151.45
7624,1201,1403,1.27,1.73,86.34,0,117.39,203.73
7639,1215,1292,3.47,-0.47,-23.52,0,116.45,92.93
7654,1215,1342,2.49,0.51,25.31,0,117.46,142.77
7668,1209,1362,2.13,0.87,43.62,0,119.21,162.82
7684,1201,1402,1.4,1.6,80.24,0,122.42,202.65
7699,1214,1285,3.71,-0.71,-35.73,0,120.99,85.26
7713,1215,1347,2.49,0.51,25.31,0,122,147.31
7729,1215,1386,1.76,1.24,61.93,0,124.48,186.4
7743,1195,1414,1.27,1.73,86.34,0,127.93,214.27
7758,1214,1259,4.32,-1.32,-66.25,0,125.28,59.03
7774,1215,1275,3.96,-0.96,-47.94,0,123.36,75.43
7788,1215,1444,0.66,2.34,116.86,0,128.04,244.9
7803,1201,1468,0.3,2.7,135.17,0,133.45,268.61
7818,1209,1245,4.69,-1.69,-84.56,0,130.06,45.5
7833,1215,1280,3.96,-0.96,-47.94,0,128.15,80.21
7847,1214,1379,2.01,0.99,49.72,0,130.13,179.85
7863,1201,1445,0.78,2.22,110.75,0,134.56,245.32
7878,1214,1303,3.59,-0.59,-29.63,0,133.38,103.75
7892,1209,1366,2.37,0.63,31.41,0,134.64,166.04
7908,1214,1405,1.64,1.36,68.03,0,137.36,205.39
7922,1201,1401,1.76,1.24,61.93,0,139.83,201.76
7938,1215,1251,4.69,-1.69,-84.56,0,136.45,51.89
7953,1215,1337,2.98,0.02,0.89,0,136.49,137.38
7967,1208,1369,2.37,0.63,31.41,0,137.74,169.15
7983,1201,1459,0.66,2.34,116.86,0,142.42,259.28
7998,1214,1451,0.91,2.09,104.65,0,146.6,251.25
8012,1215,1233,5.18,-2.18,-108.97,0,142.25,33.27
8028,1215,1273,4.32,-1.32,-66.25,0,139.6,73.35
8042,1195,1403,1.76,1.24,61.93,0,142.07,204
8057,1215,1444,1.03,1.97,98.55,0,146.01,244.56
8072,1215,1232,5.18,-2.18,-108.97,0,141.66,32.68
8087,1215,1241,4.94,-1.94,-96.77,0,137.78,41.02
8102,1201,1402,1.76,1.24,61.93,0,140.26,202.19
8117,1215,1385,2.13,0.87,43.62,0,142.01,185.62
8132,1215,1425,1.4,1.6,80.24,0,145.22,225.45
8146,1208,1225,5.3,-2.3,-115.08,0,140.61,25.54
8162,1200,1233,5.06,-2.06,-102.87,0,136.5,33.63
8177,1214,1273,4.2,-1.2,-60.14,0,134.09,73.95
8192,1214,1379,2.13,0.87,43.62,0,135.84,179.45
8207,1215,1412,1.52,1.48,74.13,0,138.8,212.94
8221,1201,1428,1.27,1.73,86.34,0,142.26,228.6
8237,1215,1260,4.57,-1.57,-78.45,0,139.12,60.66
8252,1214,1321,3.35,-0.35,-17.42,0,138.42,121
8266,1214,1390,2.01,0.99,49.72,0,140.41,190.13
8282,1215,1455,0.78,2.22,110.75,0,144.84,255.59
8296,1209,1333,3.23,-0.23,-11.32,0,144.39,133.07
8311,1215,1421,1.52,1.48,74.13,0,147.35,221.49
8327,1215,1208,5.67,-2.67,-133.39,0,142.02,8.63
8341,1215,1215,5.42,-2.42,-121.18,0,137.17,15.99
8356,1214,1261,4.45,-1.45,-72.35,0,134.28,61.92
8371,1208,1398,1.76,1.24,61.93,0,136.75,198.68
8386,1215,1312,3.47,-0.47,-23.52,0,135.81,112.29
8401,1215,1374,2.25,0.75,37.51,0,137.31,174.82
8416,1214,1389,2.01,0.99,49.72,0,139.3,189.02
8431,1215,1397,1.88,1.12,55.82,0,141.53,197.36
8445,1209,1285,4.08,-1.08,-54.04,0,139.37,85.33
8461,1215,1289,3.96,-0.96,-47.94,0,137.46,89.52
8475,1215,1452,0.78,2.22,110.75,0,141.89,252.64
8491,1215,1222,5.3,-2.3,-115.08,0,137.28,22.21
8506,1214,1236,4.94,-1.94,-96.77,0,133.41,36.65
8520,1209,1315,3.35,-0.35,-17.42,0,132.71,115.3
8536,1215,1378,2.13,0.87,43.62,0,134.46,178.08
8550,1215,1513,-0.44,3.44,171.79,0,141.33,313.12
8565,1215,1234,5.06,-2.06,-102.87,0,137.22,34.35
8581,1215,1173,6.16,-3.16,-157.8,0,130.9,-26.9
8595,1214,1325,3.1,-0.1,-5.21,0,130.7,125.48
8610,1215,1426,1.15,1.85,92.44,0,134.39,226.84
8625,1208,1259,4.45,-1.45,-72.35,0,131.5,59.15
8640,1215,1199,5.55,-2.55,-127.28,0,126.41,-0.87
8655,1215,1308,3.35,-0.35,-17.42,0,125.71,108.29
8670,1214,1377,2.01,0.99,49.72,0,127.7,177.42
8685,1214,1474,0.17,2.83,141.27,0,133.35,274.62
8699,1209,1467,0.42,2.58,129.06,0,138.51,267.58
8715,1215,1282,4.08,-1.08,-54.04,0,136.35,82.31
8730,1215,1273,4.2,-1.2,-60.14,0,133.95,73.8
8744,1215,1353,2.62,0.38,19.2,0,134.71,153.92
8760,1215,1456,0.66,2.34,116.86,0,139.39,256.25
8774,1209,1232,5.06,-2.06,-102.87,0,135.27,32.41
8790,1215,1228,5.06,-2.06,-102.87,0,131.16,28.29
8805,1215,1382,2.01,0.99,49.72,0,133.15,182.87
8819,1215,1448,0.78,2.22,110.75,0,137.58,248.33
8835,1214,1052,8.48,-5.48,-273.77,0,126.63,-147.14
8849,1209,1511,-0.56,3.56,177.89,0,133.74,311.64
8864,1201,1417,1.4,1.6,80.24,0,136.95,217.19
8880,1215,1426,1.27,1.73,86.34,0,140.41,226.75
8894,1215,1379,2.25,0.75,37.51,0,141.91,179.42
8909,1215,1342,2.98,0.02,0.89,0,141.94,142.83
8924,1195,1298,3.84,-0.84,-41.83,0,140.27,98.44
8939,1214,1328,3.23,-0.23,-11.32,0,139.82,128.5
8954,1215,1696,-3.85,6.85,342.69,0,153.52,496.21
8969,1215,1354,2.98,0.02,0.89,0,153.56,154.45
8984,1201,1405,2.01,0.99,49.72,0,155.55,205.27
8998,1208,1521,-0.19,3.19,159.58,0,161.93,321.51
9014,1215,1267,4.81,-1.81,-90.66,0,158.31,67.64
9028,1215,1283,4.45,-1.45,-72.35,0,155.41,83.06
9043,1201,1299,4.08,-1.08,-54.04,0,153.25,99.21
9059,1215,1462,0.91,2.09,104.65,0,157.44,262.09
9073,1210,1231,5.42,-2.42,-121.18,0,152.59,31.41
9089,1215,1232,5.3,-2.3,-115.08,0,147.99,32.91
9103,1194,1304,3.84,-0.84,-41.83,0,146.31,104.48
9118,1215,1398,2.01,0.99,49.72,0,148.3,198.02
9134,1215,1361,2.74,0.26,13.1,0,148.82,161.92
9148,1215,1400,2.01,0.99,49.72,0,150.81,200.53
9163,1215,1459,0.91,2.09,104.65,0,155,259.65
9178,1209,1355,2.98,0.02,0.89,0,155.04,155.93
9193,1214,1387,2.37,0.63,31.41,0,156.29,187.7
9208,1214,1452,1.15,1.85,92.44,0,159.99,252.43
9223,1201,1379,2.62,0.38,19.2,0,160.76,179.96
9238,1215,1291,4.32,-1.32,-66.25,0,158.11,91.86
9252,1208,1295,4.2,-1.2,-60.14,0,155.7,95.56
9268,1214,1369,2.74,0.26,13.1,0,156.23,169.32
9283,1201,1439,1.4,1.6,80.24,0,159.44,239.67
9297,1214,1538,-0.44,3.44,171.79,0,166.31,338.1
9313,1215,1265,4.94,-1.94,-96.77,0,162.44,65.67
9327,1209,1261,4.94,-1.94,-96.77,0,158.57,61.8
9342,1201,1410,2.01,0.99,49.72,0,160.55,210.27
9358,1215,1475,0.78,2.22,110.75,0,164.98,275.74
9372,1215,1219,5.79,-2.79,-139.49,0,159.4,19.92
9388,1215,1341,3.35,-0.35,-17.42,0,158.71,141.29
9402,1195,1346,3.23,-0.23,-11.32,0,158.26,146.94
9417,1215,1403,2.13,0.87,43.62,0,160,203.62
9432,1215,1335,3.47,-0.47,-23.52,0,159.06,135.54
9447,1215,1359,2.98,0.02,0.89,0,159.09,159.99
9462,1201,1417,1.88,1.12,55.82,0,161.33,217.15
9477,1208,1565,-0.92,3.92,196.2,0,169.18,365.38
9492,1214,1293,4.45,-1.45,-72.35,0,166.28,93.93
9506,1215,1259,5.06,-2.06,-102.87,0,162.17,59.3
9522,1215,1401,2.25,0.75,37.51,0,163.67,201.18
9537,1215,1478,0.78,2.22,110.75,0,168.1,278.85
9551,1209,1242,5.42,-2.42,-121.18,0,163.25,42.07
9567,1215,1268,4.81,-1.81,-90.66,0,159.62,68.96
9581,1210,1290,4.32,-1.32,-66.25,0,156.97,90.73
9596,1215,1484,0.54,2.46,122.96,0,161.89,284.85
9612,1215,1191,6.28,-3.28,-163.9,0,155.34,-8.57
9626,1215,1203,5.91,-2.91,-145.59,0,149.51,3.92
9641,1215,1267,4.57,-1.57,-78.45,0,146.37,67.92
9656,1208,1448,1.03,1.97,98.55,0,150.32,248.86
,,,,,,,,
,,,,,,,,
9701,1215,1245,4.81,-1.81,-90.66,0,136.02,45.36
9716,1215,1406,1.64,1.36,68.03,0,138.74,206.77
9731,1208,1390,2.01,0.99,49.72,0,140.73,190.45
9746,1215,1392,2.01,0.99,49.72,0,142.72,192.44
9761,1215,1502,-0.07,3.07,153.48,0,148.86,302.34
9776,1215,1051,8.72,-5.72,-285.97,0,137.42,-148.56
9791,1214,1509,-0.31,3.31,165.69,0,144.05,309.73
9805,1209,1427,1.4,1.6,80.24,0,147.25,227.49
9821,1215,1437,1.27,1.73,86.34,0,150.71,237.05
9836,1215,1396,2.13,0.87,43.62,0,152.45,196.07
9850,1215,1353,2.98,0.02,0.89,0,152.49,153.38
9866,1214,1315,3.71,-0.71,-35.73,0,151.06,115.33
9880,1209,1345,3.1,-0.1,-5.21,0,150.85,145.64
9895,1215,1643,-2.63,5.63,281.65,0,162.12,443.77
9911,1214,1401,2.25,0.75,37.51,0,163.62,201.13
9925,1214,1326,3.71,-0.71,-35.73,0,162.19,126.46
9940,1215,1274,4.69,-1.69,-84.56,0,158.81,74.25
9955,1209,1423,1.76,1.24,61.93,0,161.28,223.21
9970,1215,1241,5.3,-2.3,-115.08,0,156.68,41.6
9985,1215,1268,4.69,-1.69,-84.56,0,153.3,68.74
10000,1215,1360,2.86,0.14,6.99,0,153.58,160.57
10015,1214,1398,2.13,0.87,43.62,0,155.32,198.94
10030,1208,1387,2.37,0.63,31.41,0,156.58,187.99
10045,1214,1420,1.76,1.24,61.93,0,159.06,220.98
10059,1214,1467,0.91,2.09,104.65,0,163.24,267.89
10075,1214,1192,6.28,-3.28,-163.9,0,156.69,-7.22
10090,1215,1205,5.91,-2.91,-145.59,0,150.86,5.27
10104,1214,1313,3.71,-0.71,-35.73,0,149.43,113.7
10120,1215,1426,1.52,1.48,74.13,0,152.4,226.53
10134,1209,1232,5.3,-2.3,-115.08,0,147.79,32.72
10149,1215,1323,3.47,-0.47,-23.52,0,146.85,123.33
10165,1201,1423,1.52,1.48,74.13,0,149.82,223.95
10179,1215,1541,-0.68,3.68,184,0,157.18,341.18
10194,1215,1110,7.74,-4.74,-237.15,0,147.69,-89.45
10209,1209,1526,-0.44,3.44,171.79,0,154.56,326.35
10224,1201,1438,1.4,1.6,80.24,0,157.77,238.01
10240,1215,1441,1.4,1.6,80.24,0,160.98,241.22
10254,1215,1419,1.88,1.12,55.82,0,163.22,219.04
10269,1214,1383,2.62,0.38,19.2,0,163.98,183.19
10284,1195,1301,4.2,-1.2,-60.14,0,161.58,101.44
10299,1215,1318,3.84,-0.84,-41.83,0,159.91,118.07
10314,1215,1652,-2.63,5.63,281.65,0,171.17,452.82
10329,1214,1314,4.08,-1.08,-54.04,0,169.01,114.97
10344,1201,1350,3.35,-0.35,-17.42,0,168.31,150.89
10358,1209,1451,1.4,1.6,80.24,0,171.52,251.76
10374,1215,1245,5.42,-2.42,-121.18,0,166.68,45.5
10389,1215,1266,4.94,-1.94,-96.77,0,162.81,66.04
10403,1201,1363,2.98,0.02,0.89,0,162.84,163.73
10419,1215,1439,1.52,1.48,74.13,0,165.81,239.94
10433,1209,1201,6.16,-3.16,-157.8,0,159.49,1.69
10448,1215,1220,5.67,-2.67,-133.39,0,154.16,20.77
10464,1204,1355,2.98,0.02,0.89,0,154.19,155.09
10478,1214,1437,1.4,1.6,80.24,0,157.4,237.64
10493,1215,1225,5.55,-2.55,-127.28,0,152.31,25.03
10508,1209,1251,4.94,-1.94,-96.77,0,148.44,51.68
10523,1200,1387,2.25,0.75,37.51,0,149.94,187.45
10537,1214,1401,2.01,0.99,49.72,0,151.93,201.65
10553,1214,1448,1.15,1.85,92.44,0,155.63,248.07
10568,1215,1140,7.13,-4.13,-206.63,0,147.36,-59.26
10583,1200,1234,5.18,-2.18,-108.97,0,143,34.03
10598,1215,1274,4.32,-1.32,-66.25,0,140.35,74.11
10612,1209,1284,4.08,-1.08,-54.04,0,138.19,84.15
10628,1215,1516,-0.44,3.44,171.79,0,145.06,316.85
10643,1201,1536,-0.68,3.68,184,0,152.42,336.42
10657,1214,1258,4.81,-1.81,-90.66,0,148.8,58.14
10673,1214,1311,3.71,-0.71,-35.73,0,147.37,111.64
10687,1208,1392,2.13,0.87,43.62,0,149.11,192.73
10702,1201,1572,-1.29,4.29,214.51,0,157.69,372.21
10718,1215,1434,1.52,1.48,74.13,0,160.66,234.79
10732,1215,1221,5.67,-2.67,-133.39,0,155.32,21.94
10747,1215,1254,4.94,-1.94,-96.77,0,151.45,54.69
10762,1195,1320,3.59,-0.59,-29.63,0,150.27,120.64
10777,1215,1395,2.13,0.87,43.62,0,152.01,195.63
10792,1214,1403,2.01,0.99,49.72,0,154,203.72
10807,1214,1354,2.98,0.02,0.89,0,154.04,154.93
10822,1215,1367,2.74,0.26,13.1,0,154.56,167.66
10836,1209,1450,1.15,1.85,92.44,0,158.26,250.7
10852,1215,1181,6.4,-3.4,-170.01,0,151.46,-18.55
10867,1215,1269,4.57,-1.57,-78.45,0,148.32,69.87
10882,1214,1304,3.84,-0.84,-41.83,0,146.65,104.81
10897,1215,1474,0.54,2.46,122.96,0,151.57,274.53
10911,1208,1123,7.38,-4.38,-218.84,0,142.81,-76.02
10927,1215,1521,-0.44,3.44,171.79,0,149.68,321.47
10942,1214,1534,-0.56,3.56,177.89,0,156.8,334.69
10956,1215,1452,1.15,1.85,92.44,0,160.5,252.94
10972,1215,1412,2.01,0.99,49.72,0,162.49,212.21
10986,1209,1369,2.86,0.14,6.99,0,162.77,169.76
11001,1214,1370,2.86,0.14,6.99,0,163.05,170.04
11016,1215,1319,3.84,-0.84,-41.83,0,161.37,119.54
11031,1214,1609,-1.78,4.78,238.93,0,170.93,409.86
11046,1214,1397,2.49,0.51,25.31,0,171.94,197.25
11061,1215,1328,3.84,-0.84,-41.83,0,170.27,128.44
11076,1215,1421,2.01,0.99,49.72,0,172.26,221.98
11090,1209,1265,5.06,-2.06,-102.87,0,168.14,65.27
11106,1215,1267,4.94,-1.94,-96.77,0,164.27,67.51
11121,1215,1308,4.08,-1.08,-54.04,0,162.11,108.07
11136,1215,1382,2.62,0.38,19.2,0,162.88,182.08
11151,1215,1471,0.91,2.09,104.65,0,167.06,271.72
11165,1209,1285,4.57,-1.57,-78.45,0,163.93,85.47
11181,1214,1326,3.71,-0.71,-35.73,0,162.5,126.77
11196,1214,1357,3.1,-0.1,-5.21,0,162.29,157.08
11210,1215,1452,1.27,1.73,86.34,0,165.74,252.08
11226,1215,1227,5.67,-2.67,-133.39,0,160.41,27.02
,,,,,,,,
,,,,,,,,
11271,1215,1322,3.59,-0.59,-29.63,0,152.46,122.83
11285,1215,1486,0.42,2.58,129.06,0,157.62,286.68
11300,1214,1517,-0.07,3.07,153.48,0,163.76,317.24
11315,1209,1269,4.81,-1.81,-90.66,0,160.13,69.47
11330,1215,1259,4.94,-1.94,-96.77,0,156.26,59.5
11345,1215,1407,2.01,0.99,49.72,0,158.25,207.97
11360,1215,1441,1.4,1.6,80.24,0,161.46,241.7
11375,1214,1229,5.55,-2.55,-127.28,0,156.37,29.09
11389,1208,1243,5.18,-2.18,-108.97,0,152.01,43.04
11405,1215,1346,3.1,-0.1,-5.21,0,151.8,146.59
11419,1215,1460,0.91,2.09,104.65,0,155.99,260.64
11435,1215,1217,5.67,-2.67,-133.39,0,150.65,17.27
11450,1215,1243,5.06,-2.06,-102.87,0,146.54,43.67
11464,1195,1404,1.88,1.12,55.82,0,148.77,204.59
11480,1215,1489,0.3,2.7,135.17,0,154.18,289.35
11495,1215,1164,6.64,-3.64,-182.21,0,146.89,-35.33
11509,1215,1220,5.42,-2.42,-121.18,0,142.04,20.86
11525,1201,1247,4.81,-1.81,-90.66,0,138.41,47.75
11539,1214,1332,3.1,-0.1,-5.21,0,138.21,132.99
11554,1215,1497,-0.07,3.07,153.48,0,144.35,297.82
11570,1208,1218,5.42,-2.42,-121.18,0,139.5,18.32
11584,1201,1219,5.3,-2.3,-115.08,0,134.9,19.82
11599,1215,1297,3.71,-0.71,-35.73,0,133.47,97.74
11614,1214,1435,1.03,1.97,98.55,0,137.41,235.96
11629,1215,1205,5.55,-2.55,-127.28,0,132.32,5.03
11643,1195,1231,4.94,-1.94,-96.77,0,128.45,31.68
11659,1214,1284,3.84,-0.84,-41.83,0,126.77,84.94
11674,1215,1480,0.05,2.95,147.38,0,132.67,280.04
11688,1215,1200,5.55,-2.55,-127.28,0,127.58,0.29
11704,1201,1157,6.28,-3.28,-163.9,0,121.02,-42.88
11718,1209,1245,4.45,-1.45,-72.35,0,118.13,45.77
11734,1215,1382,1.76,1.24,61.93,0,120.6,182.53
11749,1215,1461,0.3,2.7,135.17,0,126.01,261.18
11763,1200,1530,-0.92,3.92,196.2,0,133.86,330.06
11779,1215,1233,4.94,-1.94,-96.77,0,129.99,33.22
11793,1208,1210,5.3,-2.3,-115.08,0,125.38,10.31
11808,1215,1332,2.86,0.14,6.99,0,125.66,132.66
11824,1201,1472,0.17,2.83,141.27,0,131.31,272.59
11838,1215,1529,-0.8,3.8,190.1,0,138.92,329.02
11853,1215,1244,4.81,-1.81,-90.66,0,135.29,44.63
11868,1209,1304,3.59,-0.59,-29.63,0,134.11,104.48
11883,1201,1347,2.74,0.26,13.1,0,134.63,147.73
11898,1215,1424,1.27,1.73,86.34,0,138.08,224.43
11913,1214,1224,5.18,-2.18,-108.97,0,133.73,24.75
11928,1214,1264,4.32,-1.32,-66.25,0,131.08,64.83
11942,1194,1325,3.1,-0.1,-5.21,0,130.87,125.66
11958,1215,1484,0.05,2.95,147.38,0,136.76,284.14
11973,1215,1159,6.4,-3.4,-170.01,0,129.96,-40.04
11987,1215,1191,5.67,-2.67,-133.39,0,124.63,-8.76
12003,1200,1369,2.13,0.87,43.62,0,126.37,169.99
12017,1215,1346,2.62,0.38,19.2,0,127.14,146.34
12033,1215,1410,1.4,1.6,80.24,0,130.35,210.59
12047,1209,1261,4.32,-1.32,-66.25,0,127.7,61.45
12062,1215,1296,3.59,-0.59,-29.63,0,126.51,96.89
12078,1215,1397,1.64,1.36,68.03,0,129.24,197.27
12092,1215,1380,2.01,0.99,49.72,0,131.22,180.94
12107,1215,1332,2.98,0.02,0.89,0,131.26,132.15
12122,1208,1446,0.78,2.22,110.75,0,135.69,246.44
12137,1215,1228,5.06,-2.06,-102.87,0,131.58,28.71
12152,1215,1211,5.3,-2.3,-115.08,0,126.97,11.9
12167,1215,1340,2.74,0.26,13.1,0,127.5,140.59
12182,1214,1417,1.27,1.73,86.34,0,130.95,217.29
12196,1209,1293,3.71,-0.71,-35.73,0,129.52,93.79
12212,1215,1317,3.23,-0.23,-11.32,0,129.07,117.75
12227,1215,1393,1.76,1.24,61.93,0,131.54,193.47
12241,1214,1516,-0.56,3.56,177.89,0,138.66,316.55
12257,1215,1180,6.03,-3.03,-151.7,0,132.59,-19.1
12271,1209,1257,4.45,-1.45,-72.35,0,129.7,57.35
12286,1215,1330,2.98,0.02,0.89,0,129.73,130.63
12302,1215,1438,0.91,2.09,104.65,0,133.92,238.57
12316,1215,1195,5.67,-2.67,-133.39,0,128.58,-4.8
12332,1215,1189,5.67,-2.67,-133.39,0,123.25,-10.14
12346,1209,1324,2.98,0.02,0.89,0,123.29,124.18
12361,1215,1394,1.64,1.36,68.03,0,126.01,194.04
,,,,,,,,
,,,,,,,,
12406,1214,1252,4.45,-1.45,-72.35,0,124.4,52.05
12421,1208,1376,2.01,0.99,49.72,0,126.39,176.11
12436,1215,1384,1.88,1.12,55.82,0,128.63,184.45
12451,1215,1412,1.4,1.6,80.24,0,131.84,212.07
12466,1215,1262,4.32,-1.32,-66.25,0,129.19,62.94
12481,1215,1279,3.96,-0.96,-47.94,0,127.27,79.33
12495,1209,1296,3.59,-0.59,-29.63,0,126.08,96.46
12511,1214,1428,1.03,1.97,98.55,0,130.02,228.57
12525,1212,1197,5.55,-2.55,-127.28,0,124.93,-2.35
12540,1214,1236,4.69,-1.69,-84.56,0,121.55,36.99
12556,1215,1246,4.45,-1.45,-72.35,0,118.66,46.31
12570,1215,1421,1.03,1.97,98.55,0,122.6,221.15
12585,1215,1241,4.57,-1.57,-78.45,0,119.46,41.01
12600,1209,1161,6.03,-3.03,-151.7,0,113.39,-38.3
12615,1215,1263,3.96,-0.96,-47.94,0,111.48,63.54
12631,1215,1445,0.42,2.58,129.06,0,116.64,245.7
12645,1202,1203,5.18,-2.18,-108.97,0,112.28,3.31
12660,1214,1230,4.57,-1.57,-78.45,0,109.14,30.69
12675,1209,1271,3.71,-0.71,-35.73,0,107.71,71.98
12690,1215,1308,2.98,0.02,0.89,0,107.75,108.64
12705,1201,1403,1.15,1.85,92.44,0,111.45,203.89
12720,1215,1471,-0.07,3.07,153.48,0,117.58,271.06
12735,1214,1204,5.18,-2.18,-108.97,0,113.23,4.25
12749,1209,1244,4.32,-1.32,-66.25,0,110.58,44.33
12765,1201,1349,2.25,0.75,37.51,0,112.08,149.59
12780,1214,1414,1.03,1.97,98.55,0,116.02,214.57
12794,1215,1259,4.08,-1.08,-54.04,0,113.86,59.82
12810,1215,1283,3.59,-0.59,-29.63,0,112.67,83.04
12824,1195,1402,1.27,1.73,86.34,0,116.12,202.47
12839,1215,1482,-0.19,3.19,159.58,0,122.51,282.09
12855,1215,1221,4.94,-1.94,-96.77,0,118.64,21.87
12869,1215,1230,4.69,-1.69,-84.56,0,115.26,30.7
12884,1201,1366,2.01,0.99,49.72,0,117.24,166.96
12899,1208,1419,1.03,1.97,98.55,0,121.19,219.73
12914,1215,1264,4.08,-1.08,-54.04,0,119.02,64.98
12929,1215,1256,4.2,-1.2,-60.14,0,116.62,56.47
12944,1201,1374,1.88,1.12,55.82,0,118.85,174.67
12959,1214,1408,1.27,1.73,86.34,0,122.31,208.65
12974,1209,1240,4.57,-1.57,-78.45,0,119.17,40.71
12989,1215,1313,3.1,-0.1,-5.21,0,118.96,113.75
13003,1215,1484,-0.19,3.19,159.58,0,125.34,284.92
13019,1214,1491,-0.19,3.19,159.58,0,131.73,291.31
13034,1214,1231,4.94,-1.94,-96.77,0,127.85,31.09
13048,1215,1265,4.2,-1.2,-60.14,0,125.45,65.3
13064,1201,1339,2.74,0.26,13.1,0,125.97,139.07
13078,1208,1384,1.88,1.12,55.82,0,128.21,184.03
13093,1215,1430,1.03,1.97,98.55,0,132.15,230.69
13109,1215,1244,4.69,-1.69,-84.56,0,128.77,44.21
13123,1200,1247,4.57,-1.57,-78.45,0,125.63,47.17
13138,1215,1339,2.74,0.26,13.1,0,126.15,139.25
13153,1209,1409,1.4,1.6,80.24,0,129.36,209.6
13168,1215,1266,4.2,-1.2,-60.14,0,126.95,66.81
13184,1201,1289,3.71,-0.71,-35.73,0,125.53,89.8
13198,1215,1370,2.13,0.87,43.62,0,127.27,170.89
13213,1215,1480,0.05,2.95,147.38,0,133.17,280.54
13228,1208,1226,5.06,-2.06,-102.87,0,129.05,26.18
13243,1201,1203,5.42,-2.42,-121.18,0,124.2,3.02
13258,1214,1325,2.98,0.02,0.89,0,124.24,125.13
13273,1214,1445,0.66,2.34,116.86,0,128.91,245.77
13288,1215,1247,4.57,-1.57,-78.45,0,125.77,47.32
13302,1195,1193,5.55,-2.55,-127.28,0,120.68,-6.6
13318,1215,1277,3.84,-0.84,-41.83,0,119.01,77.18
13333,1215,1415,1.15,1.85,92.44,0,122.71,215.15
13347,1215,1285,3.71,-0.71,-35.73,0,121.28,85.55
13363,1215,1290,3.59,-0.59,-29.63,0,120.09,90.47
13377,1208,1276,3.84,-0.84,-41.83,0,118.42,76.59
13392,1215,1433,0.78,2.22,110.75,0,122.85,233.6
13408,1214,1196,5.42,-2.42,-121.18,0,118,-3.18
13422,1214,1217,4.94,-1.94,-96.77,0,114.13,17.37
13437,1215,1315,2.98,0.02,0.89,0,114.17,115.06
13452,1208,1429,0.78,2.22,110.75,0,118.6,229.35
13467,1214,1167,5.91,-2.91,-145.59,0,112.77,-32.82
13483,1215,1231,4.57,-1.57,-78.45,0,109.64,31.18
13497,1215,1348,2.25,0.75,37.51,0,111.14,148.65
13512,1215,1356,2.13,0.87,43.62,0,112.88,156.5
13527,1215,1440,0.54,2.46,122.96,0,117.8,240.76
13542,1215,1477,-0.07,3.07,153.48,0,123.94,277.42
13557,1208,1261,4.2,-1.2,-60.14,0,121.53,61.39
13572,1215,1252,4.32,-1.32,-66.25,0,118.88,52.64
13587,1215,1383,1.76,1.24,61.93,0,121.36,183.29
13601,1214,1468,0.17,2.83,141.27,0,127.01,268.28
13617,1215,1245,4.57,-1.57,-78.45,0,123.87,45.42
13631,1209,1242,4.57,-1.57,-78.45,0,120.74,42.28
13646,1215,1328,2.86,0.14,6.99,0,121.02,128.01
13662,1214,1436,0.78,2.22,110.75,0,125.45,236.2
13676,1214,1186,5.67,-2.67,-133.39,0,120.11,-13.28
13691,1215,1187,5.55,-2.55,-127.28,0,115.02,-12.26
13706,1209,1258,4.08,-1.08,-54.04,0,112.86,58.82
13721,1214,1339,2.49,0.51,25.31,0,113.87,139.17
13736,1214,1486,-0.31,3.31,165.69,0,120.5,286.18
13751,1215,1207,5.18,-2.18,-108.97,0,116.14,7.17
13766,1215,1202,5.18,-2.18,-108.97,0,111.78,2.81
13780,1208,1331,2.62,0.38,19.2,0,112.55,131.75
13796,1214,1408,1.15,1.85,92.44,0,116.24,208.69
13811,1215,1323,2.86,0.14,6.99,0,116.52,123.52
13826,1214,1285,3.59,-0.59,-29.63,0,115.34,85.71
13841,1214,1379,1.76,1.24,61.93,0,117.82,179.74
13855,1208,1407,1.27,1.73,86.34,0,121.27,207.61
13871,1214,1309,3.23,-0.23,-11.32,0,120.82,109.5
13886,1215,1315,3.1,-0.1,-5.21,0,120.61,115.4
13900,1215,1423,1.03,1.97,98.55,0,124.55,223.1
13916,1214,1230,4.81,-1.81,-90.66,0,120.92,30.26
13930,1209,1271,3.96,-0.96,-47.94,0,119.01,71.07
,,,,,,,,
,,,,,,,,
13975,1215,1211,5.18,-2.18,-108.97,0,120.82,11.85
13990,1215,1302,3.35,-0.35,-17.42,0,120.13,102.71
14005,1201,1302,3.35,-0.35,-17.42,0,119.43,102.01
14020,1215,1466,0.17,2.83,141.27,0,125.08,266.35
14035,1209,1167,6.03,-3.03,-151.7,0,119.01,-32.68
14050,1214,1173,5.79,-2.79,-139.49,0,113.43,-26.06
14065,1201,1276,3.71,-0.71,-35.73,0,112,76.27
14080,1215,1414,1.03,1.97,98.55,0,115.95,214.49
14095,1215,1272,3.84,-0.84,-41.83,0,114.27,72.44
14125,1201,1411,1.15,1.85,92.44,0,118.98,211.43
14109,1209,1340,2.49,0.51,25.31,0,115.28,140.59
14140,1215,1497,-0.44,3.44,171.79,0,125.85,297.64
14154,1214,1142,6.52,-3.52,-176.11,0,118.81,-57.3
14170,1215,1186,5.55,-2.55,-127.28,0,113.72,-13.56
14184,1195,1403,1.27,1.73,86.34,0,117.17,203.51
14199,1215,1426,0.91,2.09,104.65,0,121.36,226.01
14215,1215,1233,4.69,-1.69,-84.56,0,117.98,33.42
14229,1215,1268,3.96,-0.96,-47.94,0,116.06,68.12
14244,1201,1393,1.52,1.48,74.13,0,119.02,193.16
14259,1209,1453,0.42,2.58,129.06,0,124.19,253.25
14274,1215,1172,5.91,-2.91,-145.59,0,118.36,-27.23
14289,1215,1185,5.55,-2.55,-127.28,0,113.27,-14.01
14304,1201,1269,3.84,-0.84,-41.83,0,111.6,69.76
14319,1215,1369,1.88,1.12,55.82,0,113.83,169.65
14333,1208,1479,-0.19,3.19,159.58,0,120.21,279.8
14349,1215,1200,5.3,-2.3,-115.08,0,115.61,0.53
14363,1201,1202,5.18,-2.18,-108.97,0,111.25,2.28
14379,1215,1299,3.23,-0.23,-11.32,0,110.8,99.48
14394,1214,1387,1.52,1.48,74.13,0,113.76,187.9
14408,1209,1397,1.4,1.6,80.24,0,116.97,197.21
14424,1201,1355,2.25,0.75,37.51,0,118.47,155.99
14438,1215,1332,2.74,0.26,13.1,0,119,132.1
14453,1215,1453,0.42,2.58,129.06,0,124.16,253.23
14469,1214,1141,6.52,-3.52,-176.11,0,117.12,-58.99
14483,1201,1229,4.69,-1.69,-84.56,0,113.73,29.18
14498,1214,1263,3.96,-0.96,-47.94,0,111.82,63.88
14513,1209,1312,2.98,0.02,0.89,0,111.85,112.74
14528,1215,1496,-0.56,3.56,177.89,0,118.97,296.86
14543,1201,1510,-0.68,3.68,184,0,126.33,310.32
14558,1215,1257,4.32,-1.32,-66.25,0,123.68,57.43
14573,1215,1223,4.94,-1.94,-96.77,0,119.81,23.04
14587,1208,1377,1.88,1.12,55.82,0,122.04,177.86
14603,1211,1481,-0.07,3.07,153.48,0,128.18,281.66
14618,1215,1449,0.66,2.34,116.86,0,132.85,249.71
14632,1215,1219,5.18,-2.18,-108.97,0,128.49,19.52
14648,1215,1278,3.96,-0.96,-47.94,0,126.58,78.64
14662,1209,1346,2.62,0.38,19.2,0,127.35,146.55
14678,1215,1461,0.42,2.58,129.06,0,132.51,261.57
14693,1215,1276,4.08,-1.08,-54.04,0,130.35,76.31
14707,1214,1274,4.08,-1.08,-54.04,0,128.18,74.14
14723,1215,1303,3.47,-0.47,-23.52,0,127.24,103.72
14737,1208,1378,2.01,0.99,49.72,0,129.23,178.95
14752,1215,1399,1.64,1.36,68.03,0,131.95,199.98
14768,1214,1269,4.2,-1.2,-60.14,0,129.55,69.4
14782,1215,1311,3.35,-0.35,-17.42,0,128.85,111.43
14797,1215,1342,2.74,0.26,13.1,0,129.38,142.47
14812,1208,1444,0.78,2.22,110.75,0,133.81,244.56
14827,1215,1245,4.69,-1.69,-84.56,0,130.42,45.86
14841,1215,1236,4.81,-1.81,-90.66,0,126.8,36.13
14857,1215,1302,3.47,-0.47,-23.52,0,125.86,102.33
14872,1215,1364,2.25,0.75,37.51,0,127.36,164.87
14886,1209,1474,0.17,2.83,141.27,0,133.01,274.28
14902,1214,1479,0.17,2.83,141.27,0,138.66,279.93
14917,1215,1263,4.45,-1.45,-72.35,0,135.76,63.41
14931,1215,1273,4.2,-1.2,-60.14,0,133.36,73.21
14947,1214,1454,0.66,2.34,116.86,0,138.03,254.89
14961,1210,1472,0.42,2.58,129.06,0,143.19,272.26
14977,1215,1236,5.06,-2.06,-102.87,0,139.08,36.21
14991,1208,1270,4.32,-1.32,-66.25,0,136.43,70.18
15006,1214,1299,3.71,-0.71,-35.73,0,135,99.27
15022,1215,1475,0.3,2.7,135.17,0,140.41,275.58
15036,1215,1163,6.4,-3.4,-170.01,0,133.61,-36.4
15051,1214,1194,5.67,-2.67,-133.39,0,128.27,-5.11
15066,1208,1360,2.37,0.63,31.41,0,129.53,160.94
15081,1215,1438,0.91,2.09,104.65,0,133.71,238.37
15096,1214,1163,6.28,-3.28,-163.9,0,127.16,-36.75
15111,1215,1137,6.64,-3.64,-182.21,0,119.87,-62.34
15126,1215,1346,2.49,0.51,25.31,0,120.88,146.19
15140,1208,1372,2.01,0.99,49.72,0,122.87,172.59
15156,1215,1488,-0.19,3.19,159.58,0,129.25,288.84
15171,1215,1228,4.94,-1.94,-96.77,0,125.38,28.62
15185,1214,1224,4.94,-1.94,-96.77,0,121.51,24.75
15201,1215,1303,3.35,-0.35,-17.42,0,120.82,103.4
15215,1208,1372,2.01,0.99,49.72,0,122.8,172.52
15230,1215,1526,-0.92,3.92,196.2,0,130.65,326.86
15246,1201,1236,4.81,-1.81,-90.66,0,127.03,36.36
15260,1215,1302,3.47,-0.47,-23.52,0,126.09,102.56
15276,1215,1320,3.1,-0.1,-5.21,0,125.88,120.66
15290,1209,1434,0.91,2.09,104.65,0,130.06,234.71
15305,1201,1242,4.69,-1.69,-84.56,0,126.68,42.12
15321,1215,1200,5.42,-2.42,-121.18,0,121.83,0.65
15335,1215,1291,3.59,-0.59,-29.63,0,120.65,91.02
15350,1214,1359,2.25,0.75,37.51,0,122.15,159.66
15365,1195,1430,0.91,2.09,104.65,0,126.33,230.99
15380,1215,1441,0.78,2.22,110.75,0,130.77,241.52
15395,1215,1217,5.18,-2.18,-108.97,0,126.41,17.43
15410,1215,1244,4.57,-1.57,-78.45,0,123.27,44.81
15425,1201,1343,2.62,0.38,19.2,0,124.04,143.24
15439,1208,1502,-0.44,3.44,171.79,0,130.91,302.7
15455,1215,1192,5.67,-2.67,-133.39,0,125.57,-7.81
15469,1215,1218,5.06,-2.06,-102.87,0,121.46,18.59
15484,1201,1366,2.13,0.87,43.62,0,123.2,166.82
15500,1214,1457,0.42,2.58,129.06,0,128.36,257.43
15514,1214,1145,6.52,-3.52,-176.11,0,121.32,-54.79
15529,1215,1195,5.42,-2.42,-121.18,0,116.47,-4.71
15544,1195,1311,3.1,-0.1,-5.21,0,116.26,111.05
15559,1214,1348,2.37,0.63,31.41,0,117.52,148.93
15575,1215,1458,0.3,2.7,135.17,0,122.93,258.1
15589,1215,1171,5.91,-2.91,-145.59,0,117.1,-28.49
15604,1200,1267,3.96,-0.96,-47.94,0,115.19,67.25
15619,1208,1278,3.71,-0.71,-35.73,0,113.76,78.03
15634,1215,1321,2.86,0.14,6.99,0,114.04,121.03
15649,1215,1492,-0.44,3.44,171.79,0,120.91,292.7
15664,1201,1544,-1.29,4.29,214.51,0,129.49,344
15679,1215,1108,7.25,-4.25,-212.73,0,120.98,-91.75
15693,1208,1499,-0.44,3.44,171.79,0,127.85,299.64
15709,1215,1411,1.4,1.6,80.24,0,131.06,211.3
15724,1201,1420,1.27,1.73,86.34,0,134.51,220.85
15738,1215,1379,2.13,0.87,43.62,0,136.26,179.88
15754,1215,1299,3.71,-0.71,-35.73,0,134.83,99.1
15768,1209,1615,-2.39,5.39,269.45,0,145.61,415.05
15783,1201,1651,-2.88,5.88,293.86,0,157.36,451.22
15799,1214,1402,2.13,0.87,43.62,0,159.11,202.72
15813,1215,1315,3.84,-0.84,-41.83,0,157.43,115.6
15828,1215,1256,4.94,-1.94,-96.77,0,153.56,56.8
15843,1194,1437,1.4,1.6,80.24,0,156.77,237.01
15858,1214,1452,1.15,1.85,92.44,0,160.47,252.91
15874,1214,1259,4.94,-1.94,-96.77,0,156.6,59.83
15888,1215,1319,3.71,-0.71,-35.73,0,155.17,119.44
15903,1214,1375,2.62,0.38,19.2,0,155.94,175.14
15918,1208,1426,1.64,1.36,68.03,0,158.66,226.69
15933,1215,1188,6.28,-3.28,-163.9,0,152.1,-11.8
15947,1214,1276,4.45,-1.45,-72.35,0,149.21,76.86
15963,1215,1356,2.86,0.14,6.99,0,149.49,156.48
15978,1215,1451,1.03,1.97,98.55,0,153.43,251.98
15992,1215,1182,6.28,-3.28,-163.9,0,146.88,-17.03
16008,1215,1246,4.94,-1.94,-96.77,0,143,46.24
16022,1209,1420,1.52,1.48,74.13,0,145.97,220.1
16037,1214,1302,3.84,-0.84,-41.83,0,144.3,102.46
16053,1214,1307,3.71,-0.71,-35.73,0,142.87,107.14
16067,1215,1419,1.52,1.48,74.13,0,145.83,219.97
16082,1215,1518,-0.31,3.31,165.69,0,152.46,318.15
16098,1209,1226,5.42,-2.42,-121.18,0,147.61,26.43
16112,1215,1240,5.06,-2.06,-102.87,0,143.5,40.63
16128,1215,1376,2.37,0.63,31.41,0,144.75,176.16
16142,1215,1498,0.05,2.95,147.38,0,150.65,298.02
16157,1215,1230,5.3,-2.3,-115.08,0,146.05,30.97
16172,1209,1258,4.69,-1.69,-84.56,0,142.66,58.11
16187,1215,1413,1.64,1.36,68.03,0,145.39,213.42
16202,1214,1460,0.78,2.22,110.75,0,149.82,260.57
16217,1215,1198,5.91,-2.91,-145.59,0,143.99,-1.6
16232,1215,1205,5.67,-2.67,-133.39,0,138.66,5.27
16246,1209,1301,3.71,-0.71,-35.73,0,137.23,101.5
16262,1215,1388,2.01,0.99,49.72,0,139.22,188.94
16277,1214,1448,0.91,2.09,104.65,0,143.4,248.05
16291,1215,1217,5.42,-2.42,-121.18,0,138.55,17.38
16307,1215,1199,5.67,-2.67,-133.39,0,133.22,-0.17
16321,1208,1302,3.59,-0.59,-29.63,0,132.03,102.41
16336,1214,1409,1.52,1.48,74.13,0,135,209.13
16352,1215,1374,2.25,0.75,37.51,0,136.5,174.01
16366,1215,1413,1.52,1.48,74.13,0,139.47,213.6
16381,1215,1441,1.03,1.97,98.55,0,143.41,241.95
16396,1209,1211,5.55,-2.55,-127.28,0,138.32,11.03
16411,1215,1205,5.55,-2.55,-127.28,0,133.22,5.94
16425,1215,1340,2.86,0.14,6.99,0,133.5,140.5
16441,1215,1410,1.52,1.48,74.13,0,136.47,210.6
16456,1215,1362,2.49,0.51,25.31,0,137.48,162.79
16471,1214,1414,1.52,1.48,74.13,0,140.45,214.58
16486,1201,1328,3.23,-0.23,-11.32,0,139.99,128.68
16500,1208,1321,3.35,-0.35,-17.42,0,139.3,121.88
16516,1215,1321,3.35,-0.35,-17.42,0,138.6,121.18
16531,1215,1472,0.42,2.58,129.06,0,143.76,272.83
16545,1201,1351,2.86,0.14,6.99,0,144.04,151.04
16561,1214,1230,5.18,-2.18,-108.97,0,139.68,30.71
,,,,,,,,
,,,,,,,,
16606,1201,1242,4.94,-1.94,-96.77,0,139.06,42.29
16620,1215,1244,4.81,-1.81,-90.66,0,135.43,44.77
16635,1214,1171,6.16,-3.16,-157.8,0,129.12,-28.68
16650,1209,1374,2.13,0.87,43.62,0,130.87,174.48
16665,1201,1388,1.88,1.12,55.82,0,133.1,188.92
16680,1215,1543,-1.05,4.05,202.31,0,141.19,343.5
16695,1215,1183,6.03,-3.03,-151.7,0,135.12,-16.57
16710,1215,1304,3.59,-0.59,-29.63,0,133.94,104.31
16724,1195,1328,3.1,-0.1,-5.21,0,133.73,128.52
16740,1214,1455,0.66,2.34,116.86,0,138.4,255.26
16755,1215,1212,5.42,-2.42,-121.18,0,133.56,12.38
16770,1214,1220,5.18,-2.18,-108.97,0,129.2,20.23
16785,1201,1323,3.1,-0.1,-5.21,0,128.99,123.78
16799,1208,1456,0.54,2.46,122.96,0,133.91,256.87
16815,1215,1169,6.16,-3.16,-157.8,0,127.6,-30.21
16830,1215,1246,4.57,-1.57,-78.45,0,124.46,46
16844,1209,1223,4.94,-1.94,-96.77,0,120.59,23.82
16860,1215,1442,0.66,2.34,116.86,0,125.26,242.12
16874,1209,1211,5.18,-2.18,-108.97,0,120.9,11.93
16889,1215,1213,5.06,-2.06,-102.87,0,116.79,13.92
16904,1201,1343,2.49,0.51,25.31,0,117.8,143.1
16919,1214,1439,0.66,2.34,116.86,0,122.47,239.33
16934,1215,1240,4.57,-1.57,-78.45,0,119.34,40.88
16949,1214,1256,4.2,-1.2,-60.14,0,116.93,56.79
16964,1200,1374,1.88,1.12,55.82,0,119.16,174.99
16978,1208,1497,-0.44,3.44,171.79,0,126.03,297.82
16994,1215,1219,5.06,-2.06,-102.87,0,121.92,19.05
17009,1215,1132,6.64,-3.64,-182.21,0,114.63,-67.58
17024,1201,1175,5.67,-2.67,-133.39,0,109.3,-24.09
17039,1215,1380,1.64,1.36,68.03,0,112.02,180.05
17053,1209,1420,0.91,2.09,104.65,0,116.2,220.85
17069,1215,1279,3.71,-0.71,-35.73,0,114.77,79.04
17084,1201,1252,4.2,-1.2,-60.14,0,112.37,52.22
17098,1215,1332,2.62,0.38,19.2,0,113.14,132.34
17114,1215,1491,-0.44,3.44,171.79,0,120.01,291.8
17128,1208,1193,5.42,-2.42,-121.18,0,115.16,-6.02
17143,1201,1144,6.28,-3.28,-163.9,0,108.6,-55.3
17159,1215,1309,2.98,0.02,0.89,0,108.64,109.53
17173,1215,1315,2.86,0.14,6.99,0,108.92,115.91
17188,1215,1443,0.42,2.58,129.06,0,114.08,243.15
17203,1208,1499,-0.56,3.56,177.89,0,121.2,299.09
17218,1215,1220,4.94,-1.94,-96.77,0,117.33,20.56
17233,1215,1292,3.47,-0.47,-23.52,0,116.39,92.86
17248,1214,1418,1.03,1.97,98.55,0,120.33,218.88
17263,1215,1479,-0.07,3.07,153.48,0,126.47,279.95
17277,1209,1213,5.18,-2.18,-108.97,0,122.11,13.14
17293,1214,1246,4.45,-1.45,-72.35,0,119.21,46.86
17307,1215,1288,3.59,-0.59,-29.63,0,118.03,88.4
17323,1215,1420,1.03,1.97,98.55,0,121.97,220.52
17338,1215,1221,4.94,-1.94,-96.77,0,118.1,21.34
17352,1208,1338,2.62,0.38,19.2,0,118.87,138.07
17368,1215,1440,0.66,2.34,116.86,0,123.54,240.4
17383,1215,1451,0.54,2.46,122.96,0,128.46,251.42
17397,1214,1196,5.55,-2.55,-127.28,0,123.37,-3.91
17413,1215,1235,4.69,-1.69,-84.56,0,119.99,35.43
17427,1214,1378,1.88,1.12,55.82,0,122.22,178.04
17442,1214,1392,1.64,1.36,68.03,0,124.94,192.97
17457,1209,1446,0.66,2.34,116.86,0,129.62,246.47
17472,1214,1197,5.55,-2.55,-127.28,0,124.52,-2.76
17487,1215,1249,4.45,-1.45,-72.35,0,121.63,49.28
17502,1214,1316,3.1,-0.1,-5.21,0,121.42,116.21
17517,1215,1398,1.52,1.48,74.13,0,124.39,198.52
17531,1208,1376,2.01,0.99,49.72,0,126.38,176.1
17547,1214,1378,2.01,0.99,49.72,0,128.37,178.08
17562,1215,1494,-0.19,3.19,159.58,0,134.75,294.33
17576,1214,1196,5.67,-2.67,-133.39,0,129.41,-3.97
17592,1215,1184,5.79,-2.79,-139.49,0,123.83,-15.66
17606,1208,1305,3.35,-0.35,-17.42,0,123.14,105.72
17622,1214,1438,0.78,2.22,110.75,0,127.57,238.32
,,,,,,,,
,,,,,,,,
17667,1214,1342,2.49,0.51,25.31,0,117.42,142.73
17681,1209,1388,1.64,1.36,68.03,0,120.14,188.17
17696,1215,1454,0.42,2.58,129.06,0,125.3,254.37
17712,1215,1192,5.55,-2.55,-127.28,0,120.21,-7.07
17726,1214,1232,4.69,-1.69,-84.56,0,116.83,32.27
17741,1215,1336,2.62,0.38,19.2,0,117.6,136.8
17756,1209,1356,2.25,0.75,37.51,0,119.1,156.61
17771,1215,1510,-0.68,3.68,184,0,126.46,310.46
17786,1201,1257,4.32,-1.32,-66.25,0,123.81,57.56
17801,1215,1229,4.81,-1.81,-90.66,0,120.18,29.52
17816,1215,1283,3.71,-0.71,-35.73,0,118.75,83.02
17830,1209,1332,2.74,0.26,13.1,0,119.28,132.38
17846,1201,1440,0.66,2.34,116.86,0,123.95,240.81
17861,1215,1515,-0.68,3.68,184,0,131.31,315.31
17875,1215,1211,5.3,-2.3,-115.08,0,126.71,11.63
17891,1215,1314,3.23,-0.23,-11.32,0,126.26,114.94
17905,1197,1422,1.15,1.85,92.44,0,129.95,222.4
17921,1215,1483,0.05,2.95,147.38,0,135.85,283.22
17936,1213,1139,6.77,-3.77,-188.32,0,128.32,-60
17950,1215,1234,4.81,-1.81,-90.66,0,124.69,34.03
17966,1201,1376,2.01,0.99,49.72,0,126.68,176.4
17980,1214,1410,1.4,1.6,80.24,0,129.89,210.12
17995,1215,1267,4.2,-1.2,-60.14,0,127.48,67.34
18010,1209,1309,3.35,-0.35,-17.42,0,126.78,109.37
18025,1201,1410,1.4,1.6,80.24,0,129.99,210.23
18040,1214,1470,0.3,2.7,135.17,0,135.4,270.57
18055,1214,1228,5.06,-2.06,-102.87,0,131.29,28.42
18070,1215,1205,5.42,-2.42,-121.18,0,126.44,5.26
18084,1195,1365,2.25,0.75,37.51,0,127.94,165.45
18100,1215,1468,0.3,2.7,135.17,0,133.35,268.51
18115,1214,1226,5.06,-2.06,-102.87,0,129.23,26.36
18129,1215,1234,4.81,-1.81,-90.66,0,125.6,34.94
18145,1201,1275,3.96,-0.96,-47.94,0,123.69,75.75
18159,1209,1394,1.64,1.36,68.03,0,126.41,194.44
18174,1214,1378,2.01,0.99,49.72,0,128.4,178.12
18190,1215,1437,0.91,2.09,104.65,0,132.58,237.23
18204,1200,1447,0.78,2.22,110.75,0,137.01,247.77
18220,1214,1217,5.3,-2.3,-115.08,0,132.41,17.33
18234,1208,1244,4.69,-1.69,-84.56,0,129.03,44.47
18249,1215,1291,3.71,-0.71,-35.73,0,127.6,91.87
18264,1201,1468,0.3,2.7,135.17,0,133.01,268.17
18279,1215,1505,-0.31,3.31,165.69,0,139.63,305.32
18294,1214,1238,4.94,-1.94,-96.77,0,135.76,39
18309,1208,1222,5.18,-2.18,-108.97,0,131.4,22.43
18324,1201,1389,1.88,1.12,55.82,0,133.64,189.46
18339,1215,1429,1.15,1.85,92.44,0,137.33,229.78
18354,1215,1217,5.3,-2.3,-115.08,0,132.73,17.66
18369,1214,1225,5.06,-2.06,-102.87,0,128.62,25.75
18383,1194,1342,2.74,0.26,13.1,0,129.14,142.24
18399,1215,1450,0.66,2.34,116.86,0,133.81,250.67
18414,1215,1214,5.3,-2.3,-115.08,0,129.21,14.14
18428,1214,1228,4.94,-1.94,-96.77,0,125.34,28.58
18444,1214,1256,4.32,-1.32,-66.25,0,122.69,56.44
18458,1215,1317,3.1,-0.1,-5.21,0,122.48,117.27
18473,1215,1488,-0.19,3.19,159.58,0,128.87,288.45
18488,1208,1215,5.18,-2.18,-108.97,0,124.51,15.54
18503,1215,1274,3.96,-0.96,-47.94,0,122.59,74.65
18519,1215,1304,3.35,-0.35,-17.42,0,121.89,104.47
18533,1215,1405,1.4,1.6,80.24,0,125.1,205.34
18548,1214,1249,4.45,-1.45,-72.35,0,122.21,49.86
18563,1208,1354,2.37,0.63,31.41,0,123.46,154.87
18578,1215,1375,2.01,0.99,49.72,0,125.45,175.17
,,,,,,,,
,,,,,,,,
18623,1215,1232,4.81,-1.81,-90.66,0,123.36,32.7
18637,1209,1298,3.47,-0.47,-23.52,0,122.42,98.9
18653,1215,1405,1.4,1.6,80.24,0,125.63,205.87
18668,1215,1256,4.32,-1.32,-66.25,0,122.98,56.73
18682,1214,1241,4.57,-1.57,-78.45,0,119.84,41.39
18698,1214,1352,2.37,0.63,31.41,0,121.1,152.51
18712,1209,1537,-1.17,4.17,208.41,0,129.44,337.85
18727,1215,1228,4.94,-1.94,-96.77,0,125.57,28.8
18743,1215,1199,5.42,-2.42,-121.18,0,120.72,-0.46
18757,1215,1302,3.35,-0.35,-17.42,0,120.02,102.6
18772,1214,1403,1.4,1.6,80.24,0,123.23,203.47
18787,1209,1241,4.57,-1.57,-78.45,0,120.09,41.64
18802,1214,1295,3.47,-0.47,-23.52,0,119.15,95.63
18817,1214,1383,1.76,1.24,61.93,0,121.63,183.56
18832,1215,1366,2.13,0.87,43.62,0,123.37,166.99
18847,1214,1356,2.37,0.63,31.41,0,124.63,156.04
18862,1209,1503,-0.44,3.44,171.79,0,131.5,303.29
18877,1214,1256,4.45,-1.45,-72.35,0,128.61,56.26
18891,1215,1247,4.57,-1.57,-78.45,0,125.47,47.02
18907,1214,1364,2.25,0.75,37.51,0,126.97,164.48
18922,1215,1353,2.49,0.51,25.31,0,127.98,153.29
18936,1214,1493,-0.19,3.19,159.58,0,134.37,293.95
18952,1215,1233,4.94,-1.94,-96.77,0,130.5,33.73
18966,1209,1255,4.45,-1.45,-72.35,0,127.6,55.25
18981,1215,1341,2.74,0.26,13.1,0,128.13,141.22
18997,1215,1487,-0.07,3.07,153.48,0,134.26,287.74
19011,1214,1227,5.06,-2.06,-102.87,0,130.15,27.28
19026,1215,1223,5.06,-2.06,-102.87,0,126.03,23.17
19041,1209,1295,3.59,-0.59,-29.63,0,124.85,95.22
19056,1215,1363,2.25,0.75,37.51,0,126.35,163.86
19072,1214,1485,-0.07,3.07,153.48,0,132.49,285.97
19086,1201,1263,4.32,-1.32,-66.25,0,129.84,63.59
19101,1215,1241,4.69,-1.69,-84.56,0,126.46,41.9
19116,1209,1301,3.47,-0.47,-23.52,0,125.52,101.99
19131,1215,1339,2.74,0.26,13.1,0,126.04,139.14
19146,1201,1377,2.01,0.99,49.72,0,128.03,177.75
19161,1214,1532,-0.92,3.92,196.2,0,135.88,332.08
19176,1215,1247,4.69,-1.69,-84.56,0,132.49,47.94
19190,1209,1358,2.49,0.51,25.31,0,133.51,158.81
19206,1201,1353,2.62,0.38,19.2,0,134.27,153.48
19221,1214,1493,-0.07,3.07,153.48,0,140.41,293.89
19235,1215,1265,4.45,-1.45,-72.35,0,137.52,65.17
19251,1215,1274,4.2,-1.2,-60.14,0,135.11,74.97
19265,1195,1361,2.49,0.51,25.31,0,136.13,161.43
19280,1215,1425,1.27,1.73,86.34,0,139.58,225.92
19296,1214,1200,5.67,-2.67,-133.39,0,134.24,0.86
19310,1215,1252,4.57,-1.57,-78.45,0,131.11,52.65
19325,1201,1370,2.25,0.75,37.51,0,132.61,170.12
19340,1208,1454,0.66,2.34,116.86,0,137.28,254.14
19355,1214,1185,5.91,-2.91,-145.59,0,131.46,-14.14
19371,1214,1186,5.79,-2.79,-139.49,0,125.88,-13.61
19385,1201,1269,4.08,-1.08,-54.04,0,123.72,69.68
19400,1215,1388,1.76,1.24,61.93,0,126.19,188.12
19415,1215,1390,1.76,1.24,61.93,0,128.67,190.6
19430,1214,1386,1.88,1.12,55.82,0,130.9,186.73
19444,1194,1344,2.74,0.26,13.1,0,131.43,144.53
19460,1215,1433,1.03,1.97,98.55,0,135.37,233.92
19475,1215,1190,5.79,-2.79,-139.49,0,129.79,-9.7
19489,1215,1216,5.18,-2.18,-108.97,0,125.43,16.46
19505,1200,1332,2.86,0.14,6.99,0,125.71,132.71
19519,1209,1428,1.03,1.97,98.55,0,129.65,228.2
19534,1214,1222,5.06,-2.06,-102.87,0,125.54,22.67
19550,1215,1205,5.3,-2.3,-115.08,0,120.93,5.86
19564,1201,1353,2.37,0.63,31.41,0,122.19,153.6
19579,1215,1437,0.78,2.22,110.75,0,126.62,237.38
19594,1209,1162,6.16,-3.16,-157.8,0,120.31,-37.49
19609,1214,1213,5.06,-2.06,-102.87,0,116.19,13.33
19624,1201,1291,3.47,-0.47,-23.52,0,115.25,91.73
19639,1215,1405,1.27,1.73,86.34,0,118.71,205.05
19654,1215,1357,2.25,0.75,37.51,0,120.21,157.72
19668,1209,1397,1.52,1.48,74.13,0,123.17,197.31
19684,1201,1451,0.54,2.46,122.96,0,128.09,251.05
19699,1215,1354,2.49,0.51,25.31,0,129.1,154.41
19714,1215,1437,0.91,2.09,104.65,0,133.29,237.94
19729,1215,1219,5.18,-2.18,-108.97,0,128.93,19.96
19743,1208,1190,5.67,-2.67,-133.39,0,123.6,-9.79
19759,1215,1324,2.98,0.02,0.89,0,123.63,124.52
19773,1214,1407,1.4,1.6,80.24,0,126.84,207.08
19788,1215,1296,3.59,-0.59,-29.63,0,125.66,96.03
19804,1215,1320,3.1,-0.1,-5.21,0,125.45,120.23
19818,1209,1415,1.27,1.73,86.34,0,128.9,215.24
19833,1214,1234,4.81,-1.81,-90.66,0,125.27,34.61
19848,1215,1357,2.37,0.63,31.41,0,126.53,157.94
19863,1214,1409,1.4,1.6,80.24,0,129.74,209.98
19878,1214,1267,4.2,-1.2,-60.14,0,127.33,67.19
19893,1215,1328,2.98,0.02,0.89,0,127.37,128.26
19908,1215,1423,1.15,1.85,92.44,0,131.07,223.51
19922,1208,1509,-0.44,3.44,171.79,0,137.94,309.73
19938,1215,1262,4.45,-1.45,-72.35,0,135.04,62.69
19953,1215,1310,3.47,-0.47,-23.52,0,134.1,110.58
19968,1215,1360,2.49,0.51,25.31,0,135.12,160.42
19983,1215,1462,0.54,2.46,122.96,0,140.03,263
19997,1208,1207,5.55,-2.55,-127.28,0,134.94,7.66
20013,1214,1221,5.18,-2.18,-108.97,0,130.58,21.61
20028,1215,1350,2.62,0.38,19.2,0,131.35,150.55
20042,1214,1452,0.66,2.34,116.86,0,136.03,252.88
20058,1215,1203,5.55,-2.55,-127.28,0,130.94,3.65
20072,1209,1198,5.55,-2.55,-127.28,0,125.84,-1.44
20087,1214,1314,3.23,-0.23,-11.32,0,125.39,114.08
20103,1214,1377,2.01,0.99,49.72,0,127.38,177.1
20117,1215,1461,0.42,2.58,129.06,0,132.54,261.61
20132,1215,1187,5.79,-2.79,-139.49,0,126.96,-12.53
20147,1209,1251,4.45,-1.45,-72.35,0,124.07,51.72
20162,1215,1299,3.47,-0.47,-23.52,0,123.13,99.61
20177,1215,1368,2.13,0.87,43.62,0,124.87,168.49
20192,1215,1446,0.66,2.34,116.86,0,129.55,246.41
20207,1215,1184,5.79,-2.79,-139.49,0,123.97,-15.52
20221,1209,1229,4.81,-1.81,-90.66,0,120.34,29.68
20237,1215,1327,2.86,0.14,6.99,0,120.62,127.62
20251,1215,1391,1.64,1.36,68.03,0,123.34,191.37
20267,1214,1279,3.84,-0.84,-41.83,0,121.67,79.84
20282,1215,1386,1.76,1.24,61.93,0,124.15,186.07
20296,1209,1318,3.1,-0.1,-5.21,0,123.94,118.73
20312,1215,1394,1.64,1.36,68.03,0,126.66,194.69
20326,1201,1359,2.37,0.63,31.41,0,127.92,159.32
20341,1215,1316,3.23,-0.23,-11.32,0,127.46,116.15
20357,1215,1366,2.25,0.75,37.51,0,128.96,166.48
20371,1208,1475,0.17,2.83,141.27,0,134.61,275.89
20386,1201,1468,0.42,2.58,129.06,0,139.78,268.84
20402,1209,1258,4.57,-1.57,-78.45,0,136.64,58.18
20416,1215,1299,3.71,-0.71,-35.73,0,135.21,99.48
20431,1215,1355,2.62,0.38,19.2,0,135.98,155.18
20446,1201,1514,-0.44,3.44,171.79,0,142.85,314.64
20461,1215,1464,0.66,2.34,116.86,0,147.52,264.38
20475,1208,1278,4.32,-1.32,-66.25,0,144.87,78.63
20491,1214,1275,4.32,-1.32,-66.25,0,142.22,75.98
20506,1201,1387,2.13,0.87,43.62,0,143.97,187.58
20520,1214,1490,0.17,2.83,141.27,0,149.62,290.89
20536,1215,1242,5.06,-2.06,-102.87,0,145.5,42.64
20550,1209,1270,4.45,-1.45,-72.35,0,142.61,70.26
20566,1201,1305,3.71,-0.71,-35.73,0,141.18,105.45
20581,1214,1526,-0.56,3.56,177.89,0,148.3,326.19
20595,1215,1234,5.18,-2.18,-108.97,0,143.94,34.97
20611,1215,1255,4.69,-1.69,-84.56,0,140.56,56
20625,1194,1303,3.71,-0.71,-35.73,0,139.13,103.4
20640,1215,1384,2.13,0.87,43.62,0,140.87,184.49
20656,1214,1430,1.27,1.73,86.34,0,144.32,230.66
20670,1215,1256,4.69,-1.69,-84.56,0,140.94,56.38
20685,1200,1272,4.32,-1.32,-66.25,0,138.29,72.04
20700,1208,1364,2.49,0.51,25.31,0,139.3,164.61
20715,1214,1492,0.05,2.95,147.38,0,145.2,292.57
20730,1214,1231,5.18,-2.18,-108.97,0,140.84,31.87
20745,1201,1240,4.94,-1.94,-96.77,0,136.97,40.2
20760,1215,1255,4.57,-1.57,-78.45,0,133.83,55.38
20774,1208,1379,2.13,0.87,43.62,0,135.58,179.19
20790,1214,1507,-0.31,3.31,165.69,0,142.2,307.89
20805,1201,1374,2.37,0.63,31.41,0,143.46,174.87
20819,1214,1236,5.06,-2.06,-102.87,0,139.35,36.48
20835,1215,1352,2.74,0.26,13.1,0,139.87,152.97
20849,1211,1429,1.27,1.73,86.34,0,143.32,229.66
20865,1200,1426,1.4,1.6,80.24,0,146.53,226.77
20879,1213,1239,5.06,-2.06,-102.87,0,142.42,39.55
20894,1215,1324,3.35,-0.35,-17.42,0,141.72,124.3
20910,1215,1342,2.98,0.02,0.89,0,141.76,142.65
20924,1200,1393,2.01,0.99,49.72,0,143.75,193.46
20939,1214,1458,0.78,2.22,110.75,0,148.18,258.93
20954,1209,1241,5.06,-2.06,-102.87,0,144.06,41.19
20969,1215,1294,3.96,-0.96,-47.94,0,142.14,94.21
20984,1215,1349,2.86,0.14,6.99,0,142.42,149.42
20999,1215,1438,1.15,1.85,92.44,0,146.12,238.56
21014,1215,1213,5.55,-2.55,-127.28,0,141.03,13.75
21028,1208,1202,5.67,-2.67,-133.39,0,135.69,2.31
21044,1215,1323,3.23,-0.23,-11.32,0,135.24,123.93
21059,1215,1399,1.76,1.24,61.93,0,137.72,199.64
21073,1215,1344,2.86,0.14,6.99,0,138,144.99
21089,1215,1377,2.25,0.75,37.51,0,139.5,177.01
21103,1209,1505,-0.19,3.19,159.58,0,145.88,305.46
21118,1215,1232,5.18,-2.18,-108.97,0,141.52,32.55
21134,1215,1158,6.52,-3.52,-176.11,0,134.48,-41.63
21148,1215,1310,3.47,-0.47,-23.52,0,133.54,110.01
21164,1215,1429,1.15,1.85,92.44,0,137.24,229.68
21178,1209,1230,5.06,-2.06,-102.87,0,133.12,30.25
21193,1215,1238,4.81,-1.81,-90.66,0,129.49,38.83
21209,1215,1406,1.52,1.48,74.13,0,132.46,206.59
21223,1215,1460,0.54,2.46,122.96,0,137.38,260.34
21238,1215,1205,5.55,-2.55,-127.28,0,132.29,5
21253,1208,1187,5.79,-2.79,-139.49,0,126.71,-12.78
21268,1215,1321,3.1,-0.1,-5.21,0,126.5,121.29
21282,1214,1397,1.64,1.36,68.03,0,129.22,197.25
21298,1215,1393,1.76,1.24,61.93,0,131.7,193.62
21313,1214,1402,1.64,1.36,68.03,0,134.42,202.45
21327,1208,1392,1.88,1.12,55.82,0,136.65,192.47
21343,1215,1261,4.45,-1.45,-72.35,0,133.76,61.41
21357,1215,1455,0.66,2.34,116.86,0,138.43,255.29
21372,1215,1212,5.42,-2.42,-121.18,0,133.58,12.4
21388,1215,1207,5.42,-2.42,-121.18,0,128.74,7.56
21402,1215,1240,4.69,-1.69,-84.56,0,125.35,40.8
21417,1215,1370,2.13,0.87,43.62,0,127.1,170.71
21432,1209,1461,0.42,2.58,129.06,0,132.26,261.33
21447,1214,1237,4.81,-1.81,-90.66,0,128.64,37.97
21463,1214,1278,3.96,-0.96,-47.94,0,126.72,78.78
21477,1215,1270,4.08,-1.08,-54.04,0,124.56,70.52
21492,1214,1363,2.25,0.75,37.51,0,126.06,163.57
21507,1209,1504,-0.44,3.44,171.79,0,132.93,304.72
21522,1215,1511,-0.44,3.44,171.79,0,139.8,311.59
21537,1214,1251,4.69,-1.69,-84.56,0,136.42,51.86
21552,1214,1280,4.08,-1.08,-54.04,0,134.26,80.22
21567,1215,1354,2.62,0.38,19.2,0,135.02,154.23
21581,1209,1462,0.54,2.46,122.96,0,139.94,262.9
21597,1215,1232,5.06,-2.06,-102.87,0,135.83,32.96
21612,1215,1292,3.84,-0.84,-41.83,0,134.15,92.32
21626,1201,1322,3.23,-0.23,-11.32,0,133.7,122.39
21642,1215,1423,1.27,1.73,86.34,0,137.16,223.5
21656,1208,1242,4.81,-1.81,-90.66,0,133.53,42.87
21671,1215,1264,4.32,-1.32,-66.25,0,130.88,64.63
21687,1201,1433,1.03,1.97,98.55,0,134.82,233.37
21701,1215,1443,0.91,2.09,104.65,0,139.01,243.66
21716,1215,1276,4.2,-1.2,-60.14,0,136.6,76.46
21731,1209,1204,5.55,-2.55,-127.28,0,131.51,4.23
21746,1201,1294,3.71,-0.71,-35.73,0,130.08,94.35
21761,1215,1400,1.64,1.36,68.03,0,132.8,200.83
21776,1214,1371,2.25,0.75,37.51,0,134.3,171.81
21791,1214,1417,1.4,1.6,80.24,0,137.51,217.75
21806,1194,1408,1.64,1.36,68.03,0,140.23,208.26
21821,1215,1233,5.06,-2.06,-102.87,0,136.12,33.25
21836,1215,1356,2.62,0.38,19.2,0,136.89,156.09
21851,1215,1471,0.42,2.58,129.06,0,142.05,271.11
21866,1201,1514,-0.31,3.31,165.69,0,148.68,314.36
21880,1214,1216,5.55,-2.55,-127.28,0,143.58,16.3
21896,1215,1261,4.57,-1.57,-78.45,0,140.45,61.99
21910,1208,1404,1.76,1.24,61.93,0,142.92,204.85
21925,1214,1426,1.4,1.6,80.24,0,146.13,226.37
21941,1215,1347,2.98,0.02,0.89,0,146.17,147.06
21955,1215,1397,2.01,0.99,49.72,0,148.16,197.88
21970,1214,1393,2.13,0.87,43.62,0,149.9,193.52
21985,1194,1388,2.25,0.75,37.51,0,151.4,188.92
22000,1215,1358,2.86,0.14,6.99,0,151.68,158.68
22016,1215,1384,2.37,0.63,31.41,0,152.94,184.35
22030,1215,1423,1.64,1.36,68.03,0,155.66,223.69
22045,1201,1420,1.76,1.24,61.93,0,158.14,220.06
22060,1208,1257,4.94,-1.94,-96.77,0,154.27,57.5
22075,1214,1310,3.84,-0.84,-41.83,0,152.59,110.76
22090,1214,1397,2.13,0.87,43.62,0,154.34,197.95
22105,1201,1444,1.27,1.73,86.34,0,157.79,244.13
22120,1215,1301,4.08,-1.08,-54.04,0,155.63,101.59
22134,1209,1331,3.47,-0.47,-23.52,0,154.69,131.17
22150,1214,1514,-0.07,3.07,153.48,0,160.83,314.31
22165,1200,1501,0.3,2.7,135.17,0,166.23,301.4
22179,1215,1335,3.59,-0.59,-29.63,0,165.05,135.42
22195,1215,1296,4.32,-1.32,-66.25,0,162.4,96.15
22209,1208,1445,1.4,1.6,80.24,0,165.61,245.85
22224,1201,1518,0.05,2.95,147.38,0,171.5,318.88
22240,1215,1220,5.91,-2.91,-145.59,0,165.68,20.09
22254,1214,1284,4.57,-1.57,-78.45,0,162.54,84.09
22269,1214,1433,1.64,1.36,68.03,0,165.26,233.29
22284,1209,1512,0.17,2.83,141.27,0,170.91,312.19
22299,1215,1105,8.11,-5.11,-255.46,0,160.7,-94.76
22315,1215,1539,-0.44,3.44,171.79,0,167.57,339.36
22329,1214,1457,1.27,1.73,86.34,0,171.02,257.36
22344,1214,1454,1.4,1.6,80.24,0,174.23,254.47
22359,1215,1419,2.13,0.87,43.62,0,175.98,219.59
22374,1215,1389,2.74,0.26,13.1,0,176.5,189.6
22388,1208,1352,3.47,-0.47,-23.52,0,175.56,152.04
22404,1214,1325,3.96,-0.96,-47.94,0,173.64,125.7
22419,1214,1653,-2.39,5.39,269.45,0,184.42,453.86
22433,1215,1309,4.45,-1.45,-72.35,0,181.52,109.17
22449,1215,1357,3.47,-0.47,-23.52,0,180.58,157.06
22463,1209,1457,1.52,1.48,74.13,0,183.55,257.68
22478,1215,1175,7.01,-4.01,-200.52,0,175.53,-25
22494,1215,1249,5.42,-2.42,-121.18,0,170.68,49.5
22508,1215,1384,2.74,0.26,13.1,0,171.21,184.3
22523,1215,1499,0.54,2.46,122.96,0,176.12,299.08
22538,1209,1231,5.79,-2.79,-139.49,0,170.54,31.05
22553,1214,1225,5.79,-2.79,-139.49,0,164.96,25.47
22568,1215,1277,4.69,-1.69,-84.56,0,161.58,77.02
22583,1215,1502,0.3,2.7,135.17,0,166.99,302.16
22598,1214,1253,5.18,-2.18,-108.97,0,162.63,53.66
22612,1209,1160,6.89,-3.89,-194.42,0,154.85,-39.57
22628,1215,1336,3.35,-0.35,-17.42,0,154.16,136.74
22643,1215,1462,0.91,2.09,104.65,0,158.34,262.99
22658,1215,1168,6.64,-3.64,-182.21,0,151.05,-31.16
22673,1215,1212,5.67,-2.67,-133.39,0,145.72,12.33
22687,1209,1264,4.57,-1.57,-78.45,0,142.58,64.13
22703,1214,1413,1.64,1.36,68.03,0,145.3,213.33
22718,1215,1397,2.01,0.99,49.72,0,147.29,197.01
22732,1215,1335,3.23,-0.23,-11.32,0,146.84,135.52
22748,1214,1481,0.42,2.58,129.06,0,152,281.06
22762,1208,1517,-0.19,3.19,159.58,0,158.38,317.97
22777,1215,1257,4.94,-1.94,-96.77,0,154.51,57.75
22792,1214,1272,4.57,-1.57,-78.45,0,151.37,72.92
22807,1215,1422,1.64,1.36,68.03,0,154.1,222.13
22822,1215,1469,0.78,2.22,110.75,0,158.53,269.28
22837,1215,1232,5.42,-2.42,-121.18,0,153.68,32.5
22852,1214,1253,4.94,-1.94,-96.77,0,149.81,53.04
22866,1209,1363,2.74,0.26,13.1,0,150.33,163.43
22882,1215,1421,1.64,1.36,68.03,0,153.05,221.08
22897,1215,1322,3.59,-0.59,-29.63,0,151.87,122.24
22912,1214,1314,3.71,-0.71,-35.73,0,150.44,114.71
22927,1201,1383,2.37,0.63,31.41,0,151.7,183.1
22941,1209,1524,-0.31,3.31,165.69,0,158.32,324.01
22957,1215,1244,5.18,-2.18,-108.97,0,153.96,44.99
22972,1215,1259,4.81,-1.81,-90.66,0,150.34,59.68
22986,1200,1338,3.23,-0.23,-11.32,0,149.88,138.57
23002,1214,1484,0.42,2.58,129.06,0,155.05,284.11
23016,1209,1209,5.79,-2.79,-139.49,0,149.47,9.98
23031,1214,1248,4.94,-1.94,-96.77,0,145.6,48.83
23047,1201,1321,3.47,-0.47,-23.52,0,144.66,121.13
23061,1215,1421,1.52,1.48,74.13,0,147.62,221.75
23076,1215,1266,4.57,-1.57,-78.45,0,144.48,66.03
23091,1208,1256,4.69,-1.69,-84.56,0,141.1,56.54
23106,1201,1456,0.78,2.22,110.75,0,145.53,256.29
23121,1214,1549,-0.92,3.92,196.2,0,153.38,349.58
23136,1214,1271,4.57,-1.57,-78.45,0,150.24,71.79
23151,1215,1287,4.2,-1.2,-60.14,0,147.84,87.69
23165,1195,1412,1.76,1.24,61.93,0,150.31,212.24
23181,1215,1440,1.27,1.73,86.34,0,153.77,240.11
23196,1215,1234,5.3,-2.3,-115.08,0,149.16,34.09
23211,1215,1267,4.57,-1.57,-78.45,0,146.02,67.57
23226,1201,1302,3.84,-0.84,-41.83,0,144.35,102.52
23240,1209,1364,2.62,0.38,19.2,0,145.12,164.32
23256,1214,1530,-0.56,3.56,177.89,0,152.24,330.13
23271,1215,1270,4.57,-1.57,-78.45,0,149.1,70.64
23285,1200,1254,4.81,-1.81,-90.66,0,145.47,54.81
23301,1215,1340,3.1,-0.1,-5.21,0,145.26,140.05
23315,1214,1473,0.54,2.46,122.96,0,150.18,273.14
23330,1214,1230,5.3,-2.3,-115.08,0,145.58,30.5
23345,1195,1181,6.16,-3.16,-157.8,0,139.27,-18.53
23360,1215,1333,3.1,-0.1,-5.21,0,139.06,133.84
23375,1214,1441,1.03,1.97,98.55,0,143,241.55
23390,1214,1159,6.52,-3.52,-176.11,0,135.95,-40.16
23405,1201,1197,5.67,-2.67,-133.39,0,130.62,-2.77
23419,1209,1261,4.32,-1.32,-66.25,0,127.97,61.72
23435,1214,1347,2.62,0.38,19.2,0,128.74,147.94
23450,1214,1450,0.66,2.34,116.86,0,133.41,250.27
23464,1201,1543,-1.05,4.05,202.31,0,141.5,343.81
23480,1215,1234,5.06,-2.06,-102.87,0,137.39,34.52
23494,1209,1319,3.35,-0.35,-17.42,0,136.69,119.27
23510,1215,1363,2.49,0.51,25.31,0,137.7,163.01
23525,1201,1478,0.3,2.7,135.17,0,143.11,278.28
23539,1215,1553,-1.05,4.05,202.31,0,151.2,353.51
23555,1215,1250,4.94,-1.94,-96.77,0,147.33,50.57
23569,1208,1303,3.84,-0.84,-41.83,0,145.66,103.83
23584,1214,1371,2.49,0.51,25.31,0,146.67,171.98
23600,1215,1525,-0.44,3.44,171.79,0,153.54,325.33
23614,1214,1233,5.3,-2.3,-115.08,0,148.94,33.86
23629,1214,1235,5.18,-2.18,-108.97,0,144.58,35.61
23644,1209,1358,2.74,0.26,13.1,0,145.11,158.2
23659,1215,1409,1.76,1.24,61.93,0,147.58,209.51
23674,1215,1335,3.23,-0.23,-11.32,0,147.13,135.81
23689,1215,1309,3.71,-0.71,-35.73,0,145.7,109.97
23704,1215,1441,1.15,1.85,92.44,0,149.4,241.84
23718,1208,1229,5.3,-2.3,-115.08,0,144.8,29.72
23734,1215,1256,4.69,-1.69,-84.56,0,141.41,56.85
23748,1215,1253,4.69,-1.69,-84.56,0,138.03,53.47
23763,1214,1370,2.37,0.63,31.41,0,139.29,170.7
23779,1214,1505,-0.19,3.19,159.58,0,145.67,305.25
23793,1213,1245,4.94,-1.94,-96.77,0,141.8,45.03
23809,1215,1215,5.42,-2.42,-121.18,0,136.95,15.77
23823,1212,1331,3.1,-0.1,-5.21,0,136.74,131.53
23838,1215,1464,0.54,2.46,122.96,0,141.66,264.62
23854,1214,1221,5.3,-2.3,-115.08,0,137.06,21.98
23868,1214,1179,6.03,-3.03,-151.7,0,130.99,-20.71
23883,1214,1300,3.59,-0.59,-29.63,0,129.81,100.18
23898,1209,1343,2.74,0.26,13.1,0,130.33,143.43
23913,1215,1502,-0.31,3.31,165.69,0,136.96,302.64
23928,1214,1236,4.94,-1.94,-96.77,0,133.09,36.32
23943,1215,1238,4.81,-1.81,-90.66,0,129.46,38.8
23958,1214,1285,3.84,-0.84,-41.83,0,127.79,85.95
23972,1209,1379,2.01,0.99,49.72,0,129.78,179.5
23988,1214,1438,0.91,2.09,104.65,0,133.96,238.61
24003,1215,1442,0.91,2.09,104.65,0,138.15,242.8
24017,1215,1281,4.08,-1.08,-54.04,0,135.99,81.95
24033,1215,1292,3.84,-0.84,-41.83,0,134.31,92.48
24047,1208,1424,1.27,1.73,86.34,0,137.77,224.11
24062,1215,1516,-0.44,3.44,171.79,0,144.64,316.43
,,,,,,,,
,,,,,,,,
24108,1215,1399,1.76,1.24,61.93,0,137.91,199.84
24122,1208,1472,0.42,2.58,129.06,0,143.07,272.14
24137,1215,1166,6.4,-3.4,-170.01,0,136.27,-33.74
24153,1215,1210,5.42,-2.42,-121.18,0,131.42,10.25
24167,1215,1287,3.84,-0.84,-41.83,0,129.75,87.92
24182,1215,1470,0.3,2.7,135.17,0,135.16,270.33
24197,1208,1177,6.03,-3.03,-151.7,0,129.09,-22.61
24212,1214,1222,5.06,-2.06,-102.87,0,124.98,22.11
24227,1201,1281,3.84,-0.84,-41.83,0,123.3,81.47
24242,1215,1387,1.76,1.24,61.93,0,125.78,187.71
24257,1215,1498,-0.31,3.31,165.69,0,132.41,298.09
24271,1209,1193,5.67,-2.67,-133.39,0,127.07,-6.31
24287,1201,1232,4.81,-1.81,-90.66,0,123.44,32.78
24301,1214,1318,3.1,-0.1,-5.21,0,123.24,118.02
24316,1215,1413,1.27,1.73,86.34,0,126.69,213.03
24332,1214,1264,4.2,-1.2,-60.14,0,124.28,64.14
24346,1201,1369,2.13,0.87,43.62,0,126.03,169.64
24361,1214,1403,1.52,1.48,74.13,0,128.99,203.13
24376,1209,1329,2.98,0.02,0.89,0,129.03,129.92
24391,1214,1456,0.54,2.46,122.96,0,133.95,256.91
24407,1201,1455,0.66,2.34,116.86,0,138.62,255.48
24421,1214,1231,5.06,-2.06,-102.87,0,134.51,31.64
24436,1214,1252,4.57,-1.57,-78.45,0,131.37,52.92
24451,1209,1383,2.01,0.99,49.72,0,133.36,183.08
24466,1215,1442,0.91,2.09,104.65,0,137.54,242.2
24481,1215,1446,0.91,2.09,104.65,0,141.73,246.38
24496,1214,1260,4.57,-1.57,-78.45,0,138.59,60.14
24511,1214,1301,3.71,-0.71,-35.73,0,137.16,101.43
24525,1194,1376,2.25,0.75,37.51,0,138.66,176.18
24541,1215,1409,1.64,1.36,68.03,0,141.38,209.41
24556,1215,1304,3.71,-0.71,-35.73,0,139.96,104.23
24570,1214,1378,2.25,0.75,37.51,0,141.46,178.97
24586,1201,1431,1.27,1.73,86.34,0,144.91,231.25
24600,1209,1453,0.91,2.09,104.65,0,149.1,253.75
24615,1214,1261,4.69,-1.69,-84.56,0,145.71,61.16
24631,1215,1314,3.59,-0.59,-29.63,0,144.53,114.9
24645,1200,1383,2.25,0.75,37.51,0,146.03,183.54
24660,1214,1454,0.91,2.09,104.65,0,150.21,254.87
24675,1208,1148,6.89,-3.89,-194.42,0,142.44,-51.98
24690,1214,1254,4.69,-1.69,-84.56,0,139.06,54.5
24705,1200,1365,2.49,0.51,25.31,0,140.07,165.37
24720,1214,1448,0.91,2.09,104.65,0,144.25,248.9
24735,1214,1205,5.67,-2.67,-133.39,0,138.92,5.53
24750,1209,1257,4.57,-1.57,-78.45,0,135.78,57.33
24765,1201,1374,2.25,0.75,37.51,0,137.28,174.79
24779,1214,1458,0.66,2.34,116.86,0,141.96,258.81
24795,1215,1171,6.28,-3.28,-163.9,0,135.4,-28.5
24810,1215,1247,4.69,-1.69,-84.56,0,132.02,47.46
24824,1215,1275,4.08,-1.08,-54.04,0,129.85,75.81
24840,1215,1368,2.25,0.75,37.51,0,131.36,168.87
24854,1209,1535,-0.92,3.92,196.2,0,139.2,335.41
24869,1215,1111,7.38,-4.38,-218.84,0,130.45,-88.39
24885,1214,1223,5.06,-2.06,-102.87,0,126.34,23.47
24899,1215,1276,3.96,-0.96,-47.94,0,124.42,76.48
24914,1215,1414,1.27,1.73,86.34,0,127.87,214.21
24929,1209,1341,2.74,0.26,13.1,0,128.4,141.49
24944,1215,1259,4.32,-1.32,-66.25,0,125.75,59.5
24960,1215,1415,1.27,1.73,86.34,0,129.2,215.54
24974,1214,1247,4.57,-1.57,-78.45,0,126.06,47.61
24989,1215,1314,3.23,-0.23,-11.32,0,125.61,114.29
25004,1209,1459,0.42,2.58,129.06,0,130.77,259.84
25019,1215,1173,6.03,-3.03,-151.7,0,124.7,-26.99
25034,1214,1166,6.03,-3.03,-151.7,0,118.64,-33.06
25049,1215,1363,2.13,0.87,43.62,0,120.38,164
25064,1215,1397,1.52,1.48,74.13,0,123.35,197.48
25078,1209,1400,1.52,1.48,74.13,0,126.31,200.44
25094,1214,1428,1.03,1.97,98.55,0,130.25,228.8
25109,1215,1210,5.3,-2.3,-115.08,0,125.65,10.57
25123,1214,1250,4.45,-1.45,-72.35,0,122.76,50.4
25139,1215,1330,2.86,0.14,6.99,0,123.04,130.03
25153,1209,1419,1.15,1.85,92.44,0,126.73,219.18
25168,1215,1283,3.84,-0.84,-41.83,0,125.06,83.23
25183,1215,1237,4.69,-1.69,-84.56,0,121.68,37.12
25198,1215,1335,2.74,0.26,13.1,0,122.2,135.3
25213,1215,1475,0.05,2.95,147.38,0,128.1,275.47
25228,1209,1183,5.79,-2.79,-139.49,0,122.52,-16.97
25243,1215,1221,4.94,-1.94,-96.77,0,118.65,21.88
25257,1214,1287,3.59,-0.59,-29.63,0,117.46,87.83
25273,1215,1356,2.25,0.75,37.51,0,118.96,156.47
25288,1215,1408,1.27,1.73,86.34,0,122.42,208.76
25303,1214,1513,-0.68,3.68,184,0,129.77,313.77
25318,1214,1241,4.69,-1.69,-84.56,0,126.39,41.83
25332,1208,1282,3.84,-0.84,-41.83,0,124.72,82.89
25348,1215,1382,1.88,1.12,55.82,0,126.95,182.77
25363,1215,1454,0.54,2.46,122.96,0,131.87,254.83
25377,1215,1180,5.91,-2.91,-145.59,0,126.05,-19.55
25393,1215,1225,4.94,-1.94,-96.77,0,122.18,25.41
25407,1209,1329,2.86,0.14,6.99,0,122.46,129.45
25422,1215,1405,1.4,1.6,80.24,0,125.67,205.9
25438,1215,1256,4.32,-1.32,-66.25,0,123.02,56.77
25452,1214,1368,2.13,0.87,43.62,0,124.76,168.38
25467,1201,1490,-0.19,3.19,159.58,0,131.14,290.73
25482,1208,1535,-0.92,3.92,196.2,0,138.99,335.2
25497,1215,1289,3.96,-0.96,-47.94,0,137.07,89.14
25512,1214,1268,4.32,-1.32,-66.25,0,134.42,68.18
25527,1201,1367,2.37,0.63,31.41,0,135.68,167.09
25542,1215,1381,2.13,0.87,43.62,0,137.43,181.04
25556,1209,1439,1.03,1.97,98.55,0,141.37,239.91
25572,1215,1266,4.45,-1.45,-72.35,0,138.47,66.12
25587,1201,1256,4.57,-1.57,-78.45,0,135.33,56.88
25602,1214,1399,1.76,1.24,61.93,0,137.81,199.74
25617,1215,1383,2.13,0.87,43.62,0,139.56,183.17
25631,1208,1448,0.91,2.09,104.65,0,143.74,248.39
25647,1201,1420,1.52,1.48,74.13,0,146.71,220.84
